Date,Rainfall_Terni,Flow_Rate_Lupa
1/1/2009,2.797,
2/1/2009,2.797,
3/1/2009,2.797,
4/1/2009,2.797,
5/1/2009,2.797,
6/1/2009,2.797,
7/1/2009,2.797,
8/1/2009,2.797,
9/1/2009,2.797,
10/1/2009,2.797,
11/1/2009,2.797,
12/1/2009,2.797,
13/01/2009,2.797,
14/01/2009,2.797,
15/01/2009,2.797,
16/01/2009,2.797,
17/01/2009,2.797,
18/01/2009,2.797,
19/01/2009,2.797,
20/01/2009,2.797,
21/01/2009,2.797,
22/01/2009,2.797,
23/01/2009,2.797,
24/01/2009,2.797,
25/01/2009,2.797,
26/01/2009,2.797,
27/01/2009,2.797,
28/01/2009,2.797,
29/01/2009,2.797,
30/01/2009,2.797,
31/01/2009,2.797,
1/2/2009,2.763,
2/2/2009,2.763,
3/2/2009,2.763,
4/2/2009,2.763,
5/2/2009,2.763,
6/2/2009,2.763,
7/2/2009,2.763,
8/2/2009,2.763,
9/2/2009,2.763,
10/2/2009,2.763,
11/2/2009,2.763,
12/2/2009,2.763,
13/02/2009,2.763,
14/02/2009,2.763,
15/02/2009,2.763,
16/02/2009,2.763,
17/02/2009,2.763,
18/02/2009,2.763,
19/02/2009,2.763,-166.02
20/02/2009,2.763,-166.97
21/02/2009,2.763,-167.72
22/02/2009,2.763,-168.65
23/02/2009,2.763,-169.42
24/02/2009,2.763,-170.21
25/02/2009,2.763,-171.1
26/02/2009,2.763,-171.69
27/02/2009,2.763,-172.07
28/02/2009,2.763,-172.33
1/3/2009,2.076,-172.68
2/3/2009,2.076,-172.88
3/3/2009,2.076,-173.15
4/3/2009,2.076,-173.55
5/3/2009,2.076,-173.83
6/3/2009,2.076,-175.7
7/3/2009,2.076,-176.86
8/3/2009,2.076,-177.86
9/3/2009,2.076,-178.9
10/3/2009,2.076,-180.08
11/3/2009,2.076,-180.45
12/3/2009,2.076,-181.34
13/03/2009,2.076,-181.77
14/03/2009,2.076,-181.71
15/03/2009,2.076,-181.83
16/03/2009,2.076,-181.8
17/03/2009,2.076,-181.9
18/03/2009,2.076,-181.86
19/03/2009,2.076,-182.02
20/03/2009,2.076,-182.14
21/03/2009,2.076,-182.31
22/03/2009,2.076,-182.13
23/03/2009,2.076,-182.04
24/03/2009,2.076,-182
25/03/2009,2.076,-182.03
26/03/2009,2.076,-181.87
27/03/2009,2.076,-181.64
28/03/2009,2.076,-181.4
29/03/2009,2.076,-180.9
30/03/2009,2.076,-180.61
31/03/2009,2.076,-180.42
1/4/2009,2.79,-180.18
2/4/2009,2.79,-179.95
3/4/2009,2.79,-179.92
4/4/2009,2.79,-179.89
5/4/2009,2.79,-179.94
6/4/2009,2.79,-180.3
7/4/2009,2.79,-180.43
8/4/2009,2.79,-180.45
9/4/2009,2.79,-180.46
10/4/2009,2.79,
11/4/2009,2.79,
12/4/2009,2.79,
13/04/2009,2.79,
14/04/2009,2.79,
15/04/2009,2.79,
16/04/2009,2.79,
17/04/2009,2.79,
18/04/2009,2.79,
19/04/2009,2.79,
20/04/2009,2.79,
21/04/2009,2.79,
22/04/2009,2.79,
23/04/2009,2.79,
24/04/2009,2.79,
25/04/2009,2.79,
26/04/2009,2.79,
27/04/2009,2.79,
28/04/2009,2.79,
29/04/2009,2.79,
30/04/2009,2.79,
1/5/2009,1.139,
2/5/2009,1.139,
3/5/2009,1.139,
4/5/2009,1.139,
5/5/2009,1.139,
6/5/2009,1.139,
7/5/2009,1.139,
8/5/2009,1.139,
9/5/2009,1.139,
10/5/2009,1.139,
11/5/2009,1.139,
12/5/2009,1.139,
13/05/2009,1.139,
14/05/2009,1.139,
15/05/2009,1.139,
16/05/2009,1.139,
17/05/2009,1.139,
18/05/2009,1.139,
19/05/2009,1.139,
20/05/2009,1.139,
21/05/2009,1.139,
22/05/2009,1.139,
23/05/2009,1.139,
24/05/2009,1.139,
25/05/2009,1.139,
26/05/2009,1.139,
27/05/2009,1.139,
28/05/2009,1.139,
29/05/2009,1.139,
30/05/2009,1.139,-157.37
31/05/2009,1.139,-156.32
1/6/2009,3.062,-156.61
2/6/2009,3.062,-156.68
3/6/2009,3.062,-156.36
4/6/2009,3.062,-155.79
5/6/2009,3.062,-155.1
6/6/2009,3.062,-154.31
7/6/2009,3.062,-153.18
8/6/2009,3.062,-152.38
9/6/2009,3.062,-151.77
10/6/2009,3.062,-150.98
11/6/2009,3.062,-150.15
12/6/2009,3.062,-149.33
13/06/2009,3.062,-148.52
14/06/2009,3.062,-147.58
15/06/2009,3.062,-146.84
16/06/2009,3.062,-145.97
17/06/2009,3.062,-145.3
18/06/2009,3.062,-144.49
19/06/2009,3.062,-143.63
20/06/2009,3.062,-142.61
21/06/2009,3.062,-141.92
22/06/2009,3.062,-141.6
23/06/2009,3.062,-140.56
24/06/2009,3.062,-140.06
25/06/2009,3.062,-139.6
26/06/2009,3.062,-138.93
27/06/2009,3.062,-138.09
28/06/2009,3.062,-137.4
29/06/2009,3.062,-136.73
30/06/2009,3.062,-135.97
1/7/2009,1.276,-134.99
2/7/2009,1.276,-134.52
3/7/2009,1.276,-134.31
4/7/2009,1.276,-133.7
5/7/2009,1.276,-133.56
6/7/2009,1.276,-134.17
7/7/2009,1.276,-133.88
8/7/2009,1.276,-133.62
9/7/2009,1.276,-132.81
10/7/2009,1.276,-132.12
11/7/2009,1.276,-131.21
12/7/2009,1.276,-130.35
13/07/2009,1.276,-129.62
14/07/2009,1.276,-128.9
15/07/2009,1.276,-128.23
16/07/2009,1.276,-127.51
17/07/2009,1.276,-126.75
18/07/2009,1.276,-125.65
19/07/2009,1.276,-124.86
20/07/2009,1.276,-124.47
21/07/2009,1.276,-123.8
22/07/2009,1.276,-123.12
23/07/2009,1.276,-122.42
24/07/2009,1.276,-121.83
25/07/2009,1.276,-121.13
26/07/2009,1.276,-120.47
27/07/2009,1.276,-119.98
28/07/2009,1.276,-119.35
29/07/2009,1.276,-118.77
30/07/2009,1.276,-118.39
31/07/2009,1.276,-117.86
1/8/2009,0.95,-117.19
2/8/2009,0.95,-116.51
3/8/2009,0.95,-116.11
4/8/2009,0.95,-115.68
5/8/2009,0.95,-115.22
6/8/2009,0.95,-114.8
7/8/2009,0.95,-114.36
8/8/2009,0.95,-113.77
9/8/2009,0.95,-112.92
10/8/2009,0.95,-112.36
11/8/2009,0.95,-111.77
12/8/2009,0.95,-111.25
13/08/2009,0.95,-110.64
14/08/2009,0.95,-110.1
15/08/2009,0.95,-109.46
16/08/2009,0.95,-108.71
17/08/2009,0.95,-107.88
18/08/2009,0.95,-107.23
19/08/2009,0.95,-106.7
20/08/2009,0.95,-106.23
21/08/2009,0.95,-105.56
22/08/2009,0.95,-104.88
23/08/2009,0.95,-104
24/08/2009,0.95,-103.4
25/08/2009,0.95,-102.87
26/08/2009,0.95,0
27/08/2009,0.95,-101.85
28/08/2009,0.95,-101.28
29/08/2009,0.95,-100.72
30/08/2009,0.95,-100.16
31/08/2009,0.95,-99.62
1/9/2009,3.57,-99.14
2/9/2009,3.57,-98.7
3/9/2009,3.57,-98.18
4/9/2009,3.57,-97.78
5/9/2009,3.57,-97.08
6/9/2009,3.57,-96.35
7/9/2009,3.57,-96.17
8/9/2009,3.57,-95.81
9/9/2009,3.57,-95.43
10/9/2009,3.57,-95.1
11/9/2009,3.57,-94.68
12/9/2009,3.57,-94.12
13/09/2009,3.57,-93.47
14/09/2009,3.57,-93.25
15/09/2009,3.57,-92.9
16/09/2009,3.57,-92.81
17/09/2009,3.57,-92.68
18/09/2009,3.57,-92.27
19/09/2009,3.57,-91.81
20/09/2009,3.57,-91.25
21/09/2009,3.57,-90.81
22/09/2009,3.57,-90.66
23/09/2009,3.57,-90.23
24/09/2009,3.57,-89.8
25/09/2009,3.57,-89.33
26/09/2009,3.57,-88.59
27/09/2009,3.57,-88.07
28/09/2009,3.57,-87.86
29/09/2009,3.57,-87.42
30/09/2009,3.57,-86.99
1/10/2009,2.562,-86.53
2/10/2009,2.562,-86.12
3/10/2009,2.562,-85.54
4/10/2009,2.562,-85.02
5/10/2009,2.562,-84.83
6/10/2009,2.562,-84.47
7/10/2009,2.562,-84.05
8/10/2009,2.562,-83.63
9/10/2009,2.562,-83.22
10/10/2009,2.562,-82.13
11/10/2009,2.562,-82.19
12/10/2009,2.562,-81.5
13/10/2009,2.562,-81.57
14/10/2009,2.562,-81.43
15/10/2009,2.562,-81.33
16/10/2009,2.562,-81.25
17/10/2009,2.562,-80.88
18/10/2009,2.562,-80.42
19/10/2009,2.562,-80.13
20/10/2009,2.562,-79.83
21/10/2009,2.562,-79.4
22/10/2009,2.562,-78.43
23/10/2009,2.562,-78.25
24/10/2009,2.562,-78.02
25/10/2009,2.562,-77.39
26/10/2009,2.562,-77.02
27/10/2009,2.562,
28/10/2009,2.562,
29/10/2009,2.562,
30/10/2009,2.562,
31/10/2009,2.562,
1/11/2009,4.057,
2/11/2009,4.057,
3/11/2009,4.057,
4/11/2009,4.057,
5/11/2009,4.057,
6/11/2009,4.057,
7/11/2009,4.057,
8/11/2009,4.057,
9/11/2009,4.057,
10/11/2009,4.057,
11/11/2009,4.057,
12/11/2009,4.057,
13/11/2009,4.057,
14/11/2009,4.057,
15/11/2009,4.057,
16/11/2009,4.057,
17/11/2009,4.057,
18/11/2009,4.057,
19/11/2009,4.057,
20/11/2009,4.057,
21/11/2009,4.057,
22/11/2009,4.057,
23/11/2009,4.057,
24/11/2009,4.057,
25/11/2009,4.057,
26/11/2009,4.057,
27/11/2009,4.057,
28/11/2009,4.057,
29/11/2009,4.057,
30/11/2009,4.057,
1/12/2009,5.308,
2/12/2009,5.308,
3/12/2009,5.308,
4/12/2009,5.308,
5/12/2009,5.308,
6/12/2009,5.308,
7/12/2009,5.308,
8/12/2009,5.308,
9/12/2009,5.308,
10/12/2009,5.308,
11/12/2009,5.308,
12/12/2009,5.308,
13/12/2009,5.308,
14/12/2009,5.308,
15/12/2009,5.308,
16/12/2009,5.308,-77.55
17/12/2009,5.308,-77.56
18/12/2009,5.308,
19/12/2009,5.308,
20/12/2009,5.308,-77.57
21/12/2009,5.308,-77.58
22/12/2009,5.308,-77.59
23/12/2009,5.308,-77.6
24/12/2009,5.308,-77.61
25/12/2009,5.308,-77.62
26/12/2009,5.308,-77.63
27/12/2009,5.308,-77.64
28/12/2009,5.308,-77.65
29/12/2009,5.308,-77.66
30/12/2009,5.308,-77.67
31/12/2009,5.308,-77.68
1/1/2010,3.273,-77.69
2/1/2010,3.273,-77.7
3/1/2010,3.273,-77.71
4/1/2010,3.273,-77.72
5/1/2010,3.273,-77.73
6/1/2010,3.273,-77.74
7/1/2010,3.273,-77.75
8/1/2010,3.273,-77.76
9/1/2010,3.273,-77.77
10/1/2010,3.273,-77.78
11/1/2010,3.273,-77.79
12/1/2010,3.273,-77.8
13/01/2010,3.273,-77.81
14/01/2010,3.273,-77.82
15/01/2010,3.273,-77.83
16/01/2010,3.273,-77.84
17/01/2010,3.273,-77.85
18/01/2010,3.273,-77.86
19/01/2010,3.273,-77.87
20/01/2010,3.273,-77.88
21/01/2010,3.273,-77.89
22/01/2010,3.273,-77.9
23/01/2010,3.273,-77.91
24/01/2010,3.273,-77.92
25/01/2010,3.273,-77.93
26/01/2010,3.273,-77.94
27/01/2010,3.273,-77.95
28/01/2010,3.273,-77.96
29/01/2010,3.273,-77.97
30/01/2010,3.273,-77.98
31/01/2010,3.273,-77.99
1/2/2010,3.739,-78
2/2/2010,3.739,-78.01
3/2/2010,3.739,-78.02
4/2/2010,3.739,-78.05
5/2/2010,3.739,-78.06
6/2/2010,3.739,-78.07
7/2/2010,3.739,-78.08
8/2/2010,3.739,
9/2/2010,3.739,
10/2/2010,3.739,-78.09
11/2/2010,3.739,-78.1
12/2/2010,3.739,-78.11
13/02/2010,3.739,-78.12
14/02/2010,3.739,-78.13
15/02/2010,3.739,-78.14
16/02/2010,3.739,-78.15
17/02/2010,3.739,-78.16
18/02/2010,3.739,-78.17
19/02/2010,3.739,-78.18
20/02/2010,3.739,-78.19
21/02/2010,3.739,-78.2
22/02/2010,3.739,-78.21
23/02/2010,3.739,-78.22
24/02/2010,3.739,-78.23
25/02/2010,3.739,-78.24
26/02/2010,3.739,-78.25
27/02/2010,3.739,-78.26
28/02/2010,3.739,-78.27
1/3/2010,2.508,-78.28
2/3/2010,2.508,-78.29
3/3/2010,2.508,-78.3
4/3/2010,2.508,-78.31
5/3/2010,2.508,-78.32
6/3/2010,2.508,-78.33
7/3/2010,2.508,-78.34
8/3/2010,2.508,-78.35
9/3/2010,2.508,-78.36
10/3/2010,2.508,-78.37
11/3/2010,2.508,-78.38
12/3/2010,2.508,-78.39
13/03/2010,2.508,-78.4
14/03/2010,2.508,-78.41
15/03/2010,2.508,-78.42
16/03/2010,2.508,-78.43
17/03/2010,2.508,-78.44
18/03/2010,2.508,-78.45
19/03/2010,2.508,-78.46
20/03/2010,2.508,-78.47
21/03/2010,2.508,-78.48
22/03/2010,2.508,-78.49
23/03/2010,2.508,-78.5
24/03/2010,2.508,-78.51
25/03/2010,2.508,-78.52
26/03/2010,2.508,-78.55
27/03/2010,2.508,-78.56
28/03/2010,2.508,-78.57
29/03/2010,2.508,-78.58
30/03/2010,2.508,-78.59
31/03/2010,2.508,-78.6
1/4/2010,3.165,-79.11
2/4/2010,3.165,-79.12
3/4/2010,3.165,-78.61
4/4/2010,3.165,-78.62
5/4/2010,3.165,-78.63
6/4/2010,3.165,-78.64
7/4/2010,3.165,-78.65
8/4/2010,3.165,-78.66
9/4/2010,3.165,-78.67
10/4/2010,3.165,-78.68
11/4/2010,3.165,-78.69
12/4/2010,3.165,-78.7
13/04/2010,3.165,-78.71
14/04/2010,3.165,-78.72
15/04/2010,3.165,-78.73
16/04/2010,3.165,-79.24
17/04/2010,3.165,-78.75
18/04/2010,3.165,-78.76
19/04/2010,3.165,-78.77
20/04/2010,3.165,-78.78
21/04/2010,3.165,-78.79
22/04/2010,3.165,-78.8
23/04/2010,3.165,-78.81
24/04/2010,3.165,-78.82
25/04/2010,3.165,-78.83
26/04/2010,3.165,-78.84
27/04/2010,3.165,-78.85
28/04/2010,3.165,-78.86
29/04/2010,3.165,-78.87
30/04/2010,3.165,-78.88
1/5/2010,4.1,-78.89
2/5/2010,4.1,-78.9
3/5/2010,4.1,-78.91
4/5/2010,4.1,-78.92
5/5/2010,4.1,-78.93
6/5/2010,4.1,-78.94
7/5/2010,4.1,-78.95
8/5/2010,4.1,-78.96
9/5/2010,4.1,-78.97
10/5/2010,4.1,-78.98
11/5/2010,4.1,-78.99
12/5/2010,4.1,-79
13/05/2010,4.1,-79.01
14/05/2010,4.1,-79.02
15/05/2010,4.1,
16/05/2010,4.1,
17/05/2010,4.1,
18/05/2010,4.1,
19/05/2010,4.1,
20/05/2010,4.1,
21/05/2010,4.1,
22/05/2010,4.1,
23/05/2010,4.1,
24/05/2010,4.1,
25/05/2010,4.1,
26/05/2010,4.1,
27/05/2010,4.1,
28/05/2010,4.1,
29/05/2010,4.1,
30/05/2010,4.1,
31/05/2010,4.1,
1/6/2010,1.597,
2/6/2010,1.597,
3/6/2010,1.597,
4/6/2010,1.597,
5/6/2010,1.597,
6/6/2010,1.597,
7/6/2010,1.597,
8/6/2010,1.597,
9/6/2010,1.597,
10/6/2010,1.597,
11/6/2010,1.597,
12/6/2010,1.597,
13/06/2010,1.597,
14/06/2010,1.597,
15/06/2010,1.597,
16/06/2010,1.597,
17/06/2010,1.597,
18/06/2010,1.597,
19/06/2010,1.597,
20/06/2010,1.597,
21/06/2010,1.597,
22/06/2010,1.597,
23/06/2010,1.597,
24/06/2010,1.597,
25/06/2010,1.597,
26/06/2010,1.597,
27/06/2010,1.597,
28/06/2010,1.597,
29/06/2010,1.597,
30/06/2010,1.597,
1/7/2010,1.477,
2/7/2010,1.477,
3/7/2010,1.477,
4/7/2010,1.477,
5/7/2010,1.477,
6/7/2010,1.477,
7/7/2010,1.477,
8/7/2010,1.477,
9/7/2010,1.477,
10/7/2010,1.477,
11/7/2010,1.477,
12/7/2010,1.477,
13/07/2010,1.477,
14/07/2010,1.477,
15/07/2010,1.477,
16/07/2010,1.477,
17/07/2010,1.477,
18/07/2010,1.477,
19/07/2010,1.477,
20/07/2010,1.477,
21/07/2010,1.477,
22/07/2010,1.477,
23/07/2010,1.477,
24/07/2010,1.477,
25/07/2010,1.477,
26/07/2010,1.477,
27/07/2010,1.477,
28/07/2010,1.477,
29/07/2010,1.477,
30/07/2010,1.477,
31/07/2010,1.477,
1/8/2010,0.758,
2/8/2010,0.758,
3/8/2010,0.758,
4/8/2010,0.758,
5/8/2010,0.758,
6/8/2010,0.758,
7/8/2010,0.758,
8/8/2010,0.758,
9/8/2010,0.758,
10/8/2010,0.758,
11/8/2010,0.758,
12/8/2010,0.758,
13/08/2010,0.758,
14/08/2010,0.758,
15/08/2010,0.758,
16/08/2010,0.758,
17/08/2010,0.758,
18/08/2010,0.758,
19/08/2010,0.758,
20/08/2010,0.758,
21/08/2010,0.758,
22/08/2010,0.758,
23/08/2010,0.758,-79.55
24/08/2010,0.758,-79.56
25/08/2010,0.758,-79.57
26/08/2010,0.758,-79.58
27/08/2010,0.758,-79.59
28/08/2010,0.758,-79.6
29/08/2010,0.758,-79.61
30/08/2010,0.758,-79.62
31/08/2010,0.758,-79.63
1/9/2010,1.41,-79.64
2/9/2010,1.41,
3/9/2010,1.41,
4/9/2010,1.41,-79.65
5/9/2010,1.41,-79.66
6/9/2010,1.41,-79.67
7/9/2010,1.41,-79.68
8/9/2010,1.41,-79.69
9/9/2010,1.41,-79.7
10/9/2010,1.41,-79.71
11/9/2010,1.41,-79.72
12/9/2010,1.41,-79.73
13/09/2010,1.41,-79.74
14/09/2010,1.41,-79.75
15/09/2010,1.41,-79.76
16/09/2010,1.41,-79.77
17/09/2010,1.41,-79.78
18/09/2010,1.41,-79.79
19/09/2010,1.41,-79.8
20/09/2010,1.41,-79.81
21/09/2010,1.41,-79.82
22/09/2010,1.41,-79.83
23/09/2010,1.41,-79.84
24/09/2010,1.41,-79.85
25/09/2010,1.41,-79.86
26/09/2010,1.41,-79.87
27/09/2010,1.41,-79.88
28/09/2010,1.41,-79.89
29/09/2010,1.41,-79.9
30/09/2010,1.41,-79.91
1/10/2010,3.028,-79.92
2/10/2010,3.028,-79.93
3/10/2010,3.028,-79.94
4/10/2010,3.028,-79.95
5/10/2010,3.028,-79.96
6/10/2010,3.028,-79.97
7/10/2010,3.028,-79.98
8/10/2010,3.028,-79.99
9/10/2010,3.028,-80
10/10/2010,3.028,-80.01
11/10/2010,3.028,-80.02
12/10/2010,3.028,-80.05
13/10/2010,3.028,-80.06
14/10/2010,3.028,-80.07
15/10/2010,3.028,-80.08
16/10/2010,3.028,-80.09
17/10/2010,3.028,-80.1
18/10/2010,3.028,-80.11
19/10/2010,3.028,-80.12
20/10/2010,3.028,-80.13
21/10/2010,3.028,-80.14
22/10/2010,3.028,-80.15
23/10/2010,3.028,-80.16
24/10/2010,3.028,
25/10/2010,3.028,
26/10/2010,3.028,-80.17
27/10/2010,3.028,-80.18
28/10/2010,3.028,-80.19
29/10/2010,3.028,-80.2
30/10/2010,3.028,-80.21
31/10/2010,3.028,-80.22
1/11/2010,7.96,-80.23
2/11/2010,7.96,-80.24
3/11/2010,7.96,-80.25
4/11/2010,7.96,-80.26
5/11/2010,7.96,-80.27
6/11/2010,7.96,-80.28
7/11/2010,7.96,-80.29
8/11/2010,7.96,-80.3
9/11/2010,7.96,-80.31
10/11/2010,7.96,-80.32
11/11/2010,7.96,-80.33
12/11/2010,7.96,-80.34
13/11/2010,7.96,-80.35
14/11/2010,7.96,-80.36
15/11/2010,7.96,-80.37
16/11/2010,7.96,-80.38
17/11/2010,7.96,-80.39
18/11/2010,7.96,-80.4
19/11/2010,7.96,-80.41
20/11/2010,7.96,-80.42
21/11/2010,7.96,-80.43
22/11/2010,7.96,-80.44
23/11/2010,7.96,-80.45
24/11/2010,7.96,-80.46
25/11/2010,7.96,-80.47
26/11/2010,7.96,-80.48
27/11/2010,7.96,-80.49
28/11/2010,7.96,-80.5
29/11/2010,7.96,-80.51
30/11/2010,7.96,-80.52
1/12/2010,3.533,-80.55
2/12/2010,3.533,-80.56
3/12/2010,3.533,-80.57
4/12/2010,3.533,-80.58
5/12/2010,3.533,-80.59
6/12/2010,3.533,-80.6
7/12/2010,3.533,-80.61
8/12/2010,3.533,-80.62
9/12/2010,3.533,-80.63
10/12/2010,3.533,-80.64
11/12/2010,3.533,-80.65
12/12/2010,3.533,-80.66
13/12/2010,3.533,-80.67
14/12/2010,3.533,-80.68
15/12/2010,3.533,
16/12/2010,3.533,
17/12/2010,3.533,-80.69
18/12/2010,3.533,-80.7
19/12/2010,3.533,-80.71
20/12/2010,3.533,-80.72
21/12/2010,3.533,-80.73
22/12/2010,3.533,-80.74
23/12/2010,3.533,-80.75
24/12/2010,3.533,-80.76
25/12/2010,3.533,-80.77
26/12/2010,3.533,-80.78
27/12/2010,3.533,-80.79
28/12/2010,3.533,-80.8
29/12/2010,3.533,-80.81
30/12/2010,3.533,-80.82
31/12/2010,3.533,-80.83
1/1/2011,1.713,-80.84
2/1/2011,1.713,-80.85
3/1/2011,1.713,-80.86
4/1/2011,1.713,-80.87
5/1/2011,1.713,-80.88
6/1/2011,1.713,-80.89
7/1/2011,1.713,-80.9
8/1/2011,1.713,-80.91
9/1/2011,1.713,-80.92
10/1/2011,1.713,-80.93
11/1/2011,1.713,-80.94
12/1/2011,1.713,-80.95
13/01/2011,1.713,-80.96
14/01/2011,1.713,-80.97
15/01/2011,1.713,-80.98
16/01/2011,1.713,-80.99
17/01/2011,1.713,-81
18/01/2011,1.713,-81.01
19/01/2011,1.713,-81.02
20/01/2011,1.713,-81.05
21/01/2011,1.713,-81.06
22/01/2011,1.713,-81.07
23/01/2011,1.713,-81.08
24/01/2011,1.713,-81.09
25/01/2011,1.713,-81.1
26/01/2011,1.713,-81.11
27/01/2011,1.713,-81.12
28/01/2011,1.713,-81.13
29/01/2011,1.713,-81.14
30/01/2011,1.713,-81.15
31/01/2011,1.713,-81.16
1/2/2011,1.716,-81.17
2/2/2011,1.716,-81.18
3/2/2011,1.716,-81.19
4/2/2011,1.716,-81.2
5/2/2011,1.716,
6/2/2011,1.716,
7/2/2011,1.716,-81.21
8/2/2011,1.716,-81.22
9/2/2011,1.716,-81.23
10/2/2011,1.716,-81.24
11/2/2011,1.716,-81.25
12/2/2011,1.716,-81.26
13/02/2011,1.716,-81.27
14/02/2011,1.716,-81.28
15/02/2011,1.716,-81.29
16/02/2011,1.716,-81.3
17/02/2011,1.716,-81.31
18/02/2011,1.716,-81.32
19/02/2011,1.716,-81.33
20/02/2011,1.716,-81.34
21/02/2011,1.716,-81.35
22/02/2011,1.716,-81.36
23/02/2011,1.716,-81.37
24/02/2011,1.716,-81.38
25/02/2011,1.716,-81.39
26/02/2011,1.716,-81.4
27/02/2011,1.716,-81.41
28/02/2011,1.716,-81.42
1/3/2011,3.391,-81.43
2/3/2011,3.391,-81.44
3/3/2011,3.391,-81.45
4/3/2011,3.391,-81.46
5/3/2011,3.391,-81.47
6/3/2011,3.391,-81.48
7/3/2011,3.391,-81.49
8/3/2011,3.391,-81.5
9/3/2011,3.391,-81.51
10/3/2011,3.391,-81.52
11/3/2011,3.391,-81.55
12/3/2011,3.391,-81.56
13/03/2011,3.391,-81.57
14/03/2011,3.391,-81.58
15/03/2011,3.391,-81.59
16/03/2011,3.391,-81.6
17/03/2011,3.391,-81.61
18/03/2011,3.391,-81.62
19/03/2011,3.391,-81.63
20/03/2011,3.391,-81.64
21/03/2011,3.391,-81.65
22/03/2011,3.391,-81.66
23/03/2011,3.391,-81.67
24/03/2011,3.391,-81.68
25/03/2011,3.391,-81.69
26/03/2011,3.391,-81.7
27/03/2011,3.391,-81.71
28/03/2011,3.391,-81.72
29/03/2011,3.391,
30/03/2011,3.391,
31/03/2011,3.391,-81.73
1/4/2011,1.477,-81.74
2/4/2011,1.477,-81.75
3/4/2011,1.477,-81.76
4/4/2011,1.477,-81.77
5/4/2011,1.477,-81.78
6/4/2011,1.477,-81.79
7/4/2011,1.477,-81.8
8/4/2011,1.477,-81.81
9/4/2011,1.477,-81.82
10/4/2011,1.477,-81.83
11/4/2011,1.477,-81.84
12/4/2011,1.477,-81.85
13/04/2011,1.477,-81.86
14/04/2011,1.477,-81.87
15/04/2011,1.477,-81.88
16/04/2011,1.477,-81.89
17/04/2011,1.477,-81.9
18/04/2011,1.477,-81.91
19/04/2011,1.477,-81.92
20/04/2011,1.477,-81.93
21/04/2011,1.477,-81.94
22/04/2011,1.477,-81.95
23/04/2011,1.477,-81.96
24/04/2011,1.477,-81.97
25/04/2011,1.477,-81.98
26/04/2011,1.477,-81.99
27/04/2011,1.477,-82
28/04/2011,1.477,-82.01
29/04/2011,1.477,-82.02
30/04/2011,1.477,-82.05
1/5/2011,1.63,-82.06
2/5/2011,1.63,-82.07
3/5/2011,1.63,-82.08
4/5/2011,1.63,-82.09
5/5/2011,1.63,-82.1
6/5/2011,1.63,-82.11
7/5/2011,1.63,-82.12
8/5/2011,1.63,-82.13
9/5/2011,1.63,-82.14
10/5/2011,1.63,-82.15
11/5/2011,1.63,-82.16
12/5/2011,1.63,-82.17
13/05/2011,1.63,-82.18
14/05/2011,1.63,-82.19
15/05/2011,1.63,-82.2
16/05/2011,1.63,-82.21
17/05/2011,1.63,-82.22
18/05/2011,1.63,-82.23
19/05/2011,1.63,-82.24
20/05/2011,1.63,
21/05/2011,1.63,
22/05/2011,1.63,-82.25
23/05/2011,1.63,-82.26
24/05/2011,1.63,-82.27
25/05/2011,1.63,-82.28
26/05/2011,1.63,-82.29
27/05/2011,1.63,-82.3
28/05/2011,1.63,-82.31
29/05/2011,1.63,-82.32
30/05/2011,1.63,-82.33
31/05/2011,1.63,-82.34
1/6/2011,1.967,-82.35
2/6/2011,1.967,-82.36
3/6/2011,1.967,-82.37
4/6/2011,1.967,-82.38
5/6/2011,1.967,-82.39
6/6/2011,1.967,-82.4
7/6/2011,1.967,-82.41
8/6/2011,1.967,-82.42
9/6/2011,1.967,-82.43
10/6/2011,1.967,-82.44
11/6/2011,1.967,-82.45
12/6/2011,1.967,-82.46
13/06/2011,1.967,-82.47
14/06/2011,1.967,-82.48
15/06/2011,1.967,-82.49
16/06/2011,1.967,-82.5
17/06/2011,1.967,-82.51
18/06/2011,1.967,-82.52
19/06/2011,1.967,-82.55
20/06/2011,1.967,-82.56
21/06/2011,1.967,-82.57
22/06/2011,1.967,-82.58
23/06/2011,1.967,-82.59
24/06/2011,1.967,-82.6
25/06/2011,1.967,-82.61
26/06/2011,1.967,-82.62
27/06/2011,1.967,-82.63
28/06/2011,1.967,-82.64
29/06/2011,1.967,-82.65
30/06/2011,1.967,-82.66
1/7/2011,2.334,-82.67
2/7/2011,2.334,-82.68
3/7/2011,2.334,-82.69
4/7/2011,2.334,-82.7
5/7/2011,2.334,-82.71
6/7/2011,2.334,-82.72
7/7/2011,2.334,-82.73
8/7/2011,2.334,-82.74
9/7/2011,2.334,-82.75
10/7/2011,2.334,-82.76
11/7/2011,2.334,
12/7/2011,2.334,
13/07/2011,2.334,-82.77
14/07/2011,2.334,-82.78
15/07/2011,2.334,-82.79
16/07/2011,2.334,-82.8
17/07/2011,2.334,-82.81
18/07/2011,2.334,-82.82
19/07/2011,2.334,-82.83
20/07/2011,2.334,-82.84
21/07/2011,2.334,-82.85
22/07/2011,2.334,-82.86
23/07/2011,2.334,-82.87
24/07/2011,2.334,-82.88
25/07/2011,2.334,-82.89
26/07/2011,2.334,-82.9
27/07/2011,2.334,-82.91
28/07/2011,2.334,-82.92
29/07/2011,2.334,-82.93
30/07/2011,2.334,-82.94
31/07/2011,2.334,-82.95
1/8/2011,0.368,-82.96
2/8/2011,0.368,-82.97
3/8/2011,0.368,-82.98
4/8/2011,0.368,-82.99
5/8/2011,0.368,-83
6/8/2011,0.368,-83.01
7/8/2011,0.368,-83.02
8/8/2011,0.368,-83.05
9/8/2011,0.368,-83.06
10/8/2011,0.368,-83.07
11/8/2011,0.368,-83.08
12/8/2011,0.368,-83.09
13/08/2011,0.368,-83.1
14/08/2011,0.368,-83.11
15/08/2011,0.368,-83.12
16/08/2011,0.368,-83.13
17/08/2011,0.368,-83.14
18/08/2011,0.368,-83.15
19/08/2011,0.368,-83.16
20/08/2011,0.368,-83.17
21/08/2011,0.368,-83.18
22/08/2011,0.368,-83.19
23/08/2011,0.368,-83.2
24/08/2011,0.368,-83.21
25/08/2011,0.368,-83.22
26/08/2011,0.368,-83.23
27/08/2011,0.368,-83.24
28/08/2011,0.368,-83.25
29/08/2011,0.368,-83.26
30/08/2011,0.368,-83.27
31/08/2011,0.368,-83.28
1/9/2011,1.617,
2/9/2011,1.617,
3/9/2011,1.617,-83.29
4/9/2011,1.617,-83.3
5/9/2011,1.617,-83.31
6/9/2011,1.617,-83.32
7/9/2011,1.617,-83.33
8/9/2011,1.617,-83.34
9/9/2011,1.617,-83.35
10/9/2011,1.617,-83.36
11/9/2011,1.617,-83.37
12/9/2011,1.617,-83.38
13/09/2011,1.617,-83.39
14/09/2011,1.617,-83.4
15/09/2011,1.617,-83.41
16/09/2011,1.617,-83.42
17/09/2011,1.617,-83.43
18/09/2011,1.617,-83.44
19/09/2011,1.617,-83.45
20/09/2011,1.617,-83.46
21/09/2011,1.617,-83.47
22/09/2011,1.617,-83.48
23/09/2011,1.617,-83.49
24/09/2011,1.617,-83.5
25/09/2011,1.617,-83.51
26/09/2011,1.617,-83.52
27/09/2011,1.617,-83.55
28/09/2011,1.617,-83.56
29/09/2011,1.617,-83.57
30/09/2011,1.617,-83.58
1/10/2011,2.275,-83.59
2/10/2011,2.275,-83.6
3/10/2011,2.275,-83.61
4/10/2011,2.275,-83.62
5/10/2011,2.275,-83.63
6/10/2011,2.275,-83.64
7/10/2011,2.275,-83.65
8/10/2011,2.275,-83.66
9/10/2011,2.275,-83.67
10/10/2011,2.275,-83.68
11/10/2011,2.275,-83.69
12/10/2011,2.275,-83.7
13/10/2011,2.275,-83.71
14/10/2011,2.275,-83.72
15/10/2011,2.275,-83.73
16/10/2011,2.275,-83.74
17/10/2011,2.275,-83.75
18/10/2011,2.275,-83.76
19/10/2011,2.275,-83.77
20/10/2011,2.275,-83.78
21/10/2011,2.275,-83.79
22/10/2011,2.275,-83.8
23/10/2011,2.275,
24/10/2011,2.275,
25/10/2011,2.275,-83.81
26/10/2011,2.275,-83.82
27/10/2011,2.275,-83.83
28/10/2011,2.275,-83.84
29/10/2011,2.275,-83.85
30/10/2011,2.275,-83.86
31/10/2011,2.275,-83.87
1/11/2011,1.451,-83.88
2/11/2011,1.451,-83.89
3/11/2011,1.451,-83.9
4/11/2011,1.451,-83.91
5/11/2011,1.451,-83.92
6/11/2011,1.451,-83.93
7/11/2011,1.451,-83.94
8/11/2011,1.451,-83.95
9/11/2011,1.451,-83.96
10/11/2011,1.451,-83.97
11/11/2011,1.451,-83.98
12/11/2011,1.451,-83.99
13/11/2011,1.451,-84
14/11/2011,1.451,-84.01
15/11/2011,1.451,-84.02
16/11/2011,1.451,-84.05
17/11/2011,1.451,-84.06
18/11/2011,1.451,-84.07
19/11/2011,1.451,-84.08
20/11/2011,1.451,-84.09
21/11/2011,1.451,-84.1
22/11/2011,1.451,-84.11
23/11/2011,1.451,-84.12
24/11/2011,1.451,-84.13
25/11/2011,1.451,-84.14
26/11/2011,1.451,-84.15
27/11/2011,1.451,-84.16
28/11/2011,1.451,-84.17
29/11/2011,1.451,-84.18
30/11/2011,1.451,-84.19
1/12/2011,1.981,-84.2
2/12/2011,1.981,-84.21
3/12/2011,1.981,-84.22
4/12/2011,1.981,-84.23
5/12/2011,1.981,-84.24
6/12/2011,1.981,-84.25
7/12/2011,1.981,-84.26
8/12/2011,1.981,-84.27
9/12/2011,1.981,-84.28
10/12/2011,1.981,-84.29
11/12/2011,1.981,-84.3
12/12/2011,1.981,-84.31
13/12/2011,1.981,-84.32
14/12/2011,1.981,
15/12/2011,1.981,
16/12/2011,1.981,-84.33
17/12/2011,1.981,-84.34
18/12/2011,1.981,-84.35
19/12/2011,1.981,-84.36
20/12/2011,1.981,-84.37
21/12/2011,1.981,-84.38
22/12/2011,1.981,-84.39
23/12/2011,1.981,-84.4
24/12/2011,1.981,-84.41
25/12/2011,1.981,-84.42
26/12/2011,1.981,-84.43
27/12/2011,1.981,-84.44
28/12/2011,1.981,-84.45
29/12/2011,1.981,-84.46
30/12/2011,1.981,-84.47
31/12/2011,1.981,-84.48
1/1/2012,0.767,-84.49
2/1/2012,0.767,-84.5
3/1/2012,0.767,-84.51
4/1/2012,0.767,-84.52
5/1/2012,0.767,-84.55
6/1/2012,0.767,-84.56
7/1/2012,0.767,-84.57
8/1/2012,0.767,-84.58
9/1/2012,0.767,-84.59
10/1/2012,0.767,-84.6
11/1/2012,0.767,-84.61
12/1/2012,0.767,-84.62
13/01/2012,0.767,-84.63
14/01/2012,0.767,-84.64
15/01/2012,0.767,-84.65
16/01/2012,0.767,-84.66
17/01/2012,0.767,-84.67
18/01/2012,0.767,-84.68
19/01/2012,0.767,-84.69
20/01/2012,0.767,-84.7
21/01/2012,0.767,-84.71
22/01/2012,0.767,-84.72
23/01/2012,0.767,-84.73
24/01/2012,0.767,-84.74
25/01/2012,0.767,-84.75
26/01/2012,0.767,-84.76
27/01/2012,0.767,-84.77
28/01/2012,0.767,-84.78
29/01/2012,0.767,-84.79
30/01/2012,0.767,-84.8
31/01/2012,0.767,-84.81
1/2/2012,2.382,-84.82
2/2/2012,2.382,-84.83
3/2/2012,2.382,-84.84
4/2/2012,2.382,
5/2/2012,2.382,
6/2/2012,2.382,-84.85
7/2/2012,2.382,-84.86
8/2/2012,2.382,-84.87
9/2/2012,2.382,-84.88
10/2/2012,2.382,-84.89
11/2/2012,2.382,-84.9
12/2/2012,2.382,-84.91
13/02/2012,2.382,-84.92
14/02/2012,2.382,-84.93
15/02/2012,2.382,-84.94
16/02/2012,2.382,-84.95
17/02/2012,2.382,-84.96
18/02/2012,2.382,-84.97
19/02/2012,2.382,-84.98
20/02/2012,2.382,-84.99
21/02/2012,2.382,-85
22/02/2012,2.382,-85.01
23/02/2012,2.382,-85.02
24/02/2012,2.382,-85.05
25/02/2012,2.382,-85.06
26/02/2012,2.382,-85.07
27/02/2012,2.382,-85.08
28/02/2012,2.382,-85.09
29/02/2012,2.382,-85.1
1/3/2012,0.537,-85.11
2/3/2012,0.537,-85.12
3/3/2012,0.537,-85.13
4/3/2012,0.537,-85.14
5/3/2012,0.537,-85.15
6/3/2012,0.537,-85.16
7/3/2012,0.537,-85.17
8/3/2012,0.537,-85.18
9/3/2012,0.537,-85.19
10/3/2012,0.537,-85.2
11/3/2012,0.537,-85.21
12/3/2012,0.537,-85.22
13/03/2012,0.537,-85.23
14/03/2012,0.537,-85.24
15/03/2012,0.537,-85.25
16/03/2012,0.537,-85.26
17/03/2012,0.537,-85.27
18/03/2012,0.537,-85.28
19/03/2012,0.537,-85.29
20/03/2012,0.537,-85.3
21/03/2012,0.537,-85.31
22/03/2012,0.537,-85.32
23/03/2012,0.537,-85.33
24/03/2012,0.537,-85.34
25/03/2012,0.537,-85.35
26/03/2012,0.537,-85.36
27/03/2012,0.537,
28/03/2012,0.537,
29/03/2012,0.537,-85.37
30/03/2012,0.537,-85.38
31/03/2012,0.537,-85.39
1/4/2012,3.068,-85.4
2/4/2012,3.068,-85.41
3/4/2012,3.068,-85.42
4/4/2012,3.068,-85.43
5/4/2012,3.068,-85.44
6/4/2012,3.068,-85.45
7/4/2012,3.068,-85.46
8/4/2012,3.068,-85.47
9/4/2012,3.068,-85.48
10/4/2012,3.068,-85.49
11/4/2012,3.068,-85.5
12/4/2012,3.068,-85.51
13/04/2012,3.068,-85.52
14/04/2012,3.068,-85.55
15/04/2012,3.068,-85.56
16/04/2012,3.068,-85.57
17/04/2012,3.068,-85.58
18/04/2012,3.068,-85.59
19/04/2012,3.068,-85.6
20/04/2012,3.068,-85.61
21/04/2012,3.068,-85.62
22/04/2012,3.068,-85.63
23/04/2012,3.068,-85.64
24/04/2012,3.068,-85.65
25/04/2012,3.068,-85.66
26/04/2012,3.068,-85.67
27/04/2012,3.068,-85.68
28/04/2012,3.068,-85.69
29/04/2012,3.068,-85.7
30/04/2012,3.068,-85.71
1/5/2012,2.904,-85.72
2/5/2012,2.904,-85.73
3/5/2012,2.904,-85.74
4/5/2012,2.904,-85.75
5/5/2012,2.904,-85.76
6/5/2012,2.904,-85.77
7/5/2012,2.904,-85.78
8/5/2012,2.904,-85.79
9/5/2012,2.904,-85.8
10/5/2012,2.904,-85.81
11/5/2012,2.904,-85.82
12/5/2012,2.904,-85.83
13/05/2012,2.904,-85.84
14/05/2012,2.904,-85.85
15/05/2012,2.904,-85.86
16/05/2012,2.904,-85.87
17/05/2012,2.904,-85.88
18/05/2012,2.904,
19/05/2012,2.904,
20/05/2012,2.904,-85.89
21/05/2012,2.904,-85.9
22/05/2012,2.904,-85.91
23/05/2012,2.904,-85.92
24/05/2012,2.904,-85.93
25/05/2012,2.904,-85.94
26/05/2012,2.904,-85.95
27/05/2012,2.904,-85.96
28/05/2012,2.904,-85.97
29/05/2012,2.904,-85.98
30/05/2012,2.904,-85.99
31/05/2012,2.904,-86
1/6/2012,0.707,-86.01
2/6/2012,0.707,-86.02
3/6/2012,0.707,-86.05
4/6/2012,0.707,-86.06
5/6/2012,0.707,-86.07
6/6/2012,0.707,-86.08
7/6/2012,0.707,-86.09
8/6/2012,0.707,-86.1
9/6/2012,0.707,-86.11
10/6/2012,0.707,-86.12
11/6/2012,0.707,-86.13
12/6/2012,0.707,-86.14
13/06/2012,0.707,-86.15
14/06/2012,0.707,-86.16
15/06/2012,0.707,-86.17
16/06/2012,0.707,-86.18
17/06/2012,0.707,-86.19
18/06/2012,0.707,-86.2
19/06/2012,0.707,-86.21
20/06/2012,0.707,-86.22
21/06/2012,0.707,-86.23
22/06/2012,0.707,-86.24
23/06/2012,0.707,-86.25
24/06/2012,0.707,-86.26
25/06/2012,0.707,-86.27
26/06/2012,0.707,-86.28
27/06/2012,0.707,-86.29
28/06/2012,0.707,-86.3
29/06/2012,0.707,-86.31
30/06/2012,0.707,-86.32
1/7/2012,0.631,-86.33
2/7/2012,0.631,-86.34
3/7/2012,0.631,-86.35
4/7/2012,0.631,-86.36
5/7/2012,0.631,-86.37
6/7/2012,0.631,-86.38
7/7/2012,0.631,-86.39
8/7/2012,0.631,-86.4
9/7/2012,0.631,
10/7/2012,0.631,
11/7/2012,0.631,-86.41
12/7/2012,0.631,-86.42
13/07/2012,0.631,-86.43
14/07/2012,0.631,-86.44
15/07/2012,0.631,-86.45
16/07/2012,0.631,-86.46
17/07/2012,0.631,-86.47
18/07/2012,0.631,-86.48
19/07/2012,0.631,-86.49
20/07/2012,0.631,-86.5
21/07/2012,0.631,-86.51
22/07/2012,0.631,-86.52
23/07/2012,0.631,-86.55
24/07/2012,0.631,-86.56
25/07/2012,0.631,-86.57
26/07/2012,0.631,-86.58
27/07/2012,0.631,-86.59
28/07/2012,0.631,-86.6
29/07/2012,0.631,-86.61
30/07/2012,0.631,-86.62
31/07/2012,0.631,-86.63
1/8/2012,1.055,-86.64
2/8/2012,1.055,-86.65
3/8/2012,1.055,-86.66
4/8/2012,1.055,-86.67
5/8/2012,1.055,-86.68
6/8/2012,1.055,-86.69
7/8/2012,1.055,-86.7
8/8/2012,1.055,-86.71
9/8/2012,1.055,-86.72
10/8/2012,1.055,-86.73
11/8/2012,1.055,-86.74
12/8/2012,1.055,-86.75
13/08/2012,1.055,-86.76
14/08/2012,1.055,-86.77
15/08/2012,1.055,-86.78
16/08/2012,1.055,-86.79
17/08/2012,1.055,-86.8
18/08/2012,1.055,-86.81
19/08/2012,1.055,-86.82
20/08/2012,1.055,-86.83
21/08/2012,1.055,-86.84
22/08/2012,1.055,-86.85
23/08/2012,1.055,-86.86
24/08/2012,1.055,-86.87
25/08/2012,1.055,-86.88
26/08/2012,1.055,-86.89
27/08/2012,1.055,-86.9
28/08/2012,1.055,-86.91
29/08/2012,1.055,-86.92
30/08/2012,1.055,
31/08/2012,1.055,
1/9/2012,3.819,-86.93
2/9/2012,3.819,-86.94
3/9/2012,3.819,-86.95
4/9/2012,3.819,-86.96
5/9/2012,3.819,-86.97
6/9/2012,3.819,-86.98
7/9/2012,3.819,-86.99
8/9/2012,3.819,-87
9/9/2012,3.819,-87.01
10/9/2012,3.819,-87.02
11/9/2012,3.819,-87.05
12/9/2012,3.819,-87.06
13/09/2012,3.819,-87.07
14/09/2012,3.819,-87.08
15/09/2012,3.819,-87.09
16/09/2012,3.819,-87.1
17/09/2012,3.819,-87.11
18/09/2012,3.819,-87.12
19/09/2012,3.819,-87.13
20/09/2012,3.819,-87.14
21/09/2012,3.819,-87.15
22/09/2012,3.819,-87.16
23/09/2012,3.819,-87.17
24/09/2012,3.819,-87.18
25/09/2012,3.819,-87.19
26/09/2012,3.819,-87.2
27/09/2012,3.819,-87.21
28/09/2012,3.819,-87.22
29/09/2012,3.819,-87.23
30/09/2012,3.819,-87.24
1/10/2012,4.386,-87.25
2/10/2012,4.386,-87.26
3/10/2012,4.386,-87.27
4/10/2012,4.386,-87.28
5/10/2012,4.386,-87.29
6/10/2012,4.386,-87.3
7/10/2012,4.386,-87.31
8/10/2012,4.386,-87.32
9/10/2012,4.386,-87.33
10/10/2012,4.386,-87.34
11/10/2012,4.386,-87.35
12/10/2012,4.386,-87.36
13/10/2012,4.386,-87.37
14/10/2012,4.386,-87.38
15/10/2012,4.386,-87.39
16/10/2012,4.386,-87.4
17/10/2012,4.386,-87.41
18/10/2012,4.386,-87.42
19/10/2012,4.386,-87.43
20/10/2012,4.386,-87.44
21/10/2012,4.386,
22/10/2012,4.386,
23/10/2012,4.386,-87.45
24/10/2012,4.386,-87.46
25/10/2012,4.386,-87.47
26/10/2012,4.386,-87.48
27/10/2012,4.386,-87.49
28/10/2012,4.386,-87.5
29/10/2012,4.386,-87.51
30/10/2012,4.386,-87.52
31/10/2012,4.386,-87.55
1/11/2012,6.803,-87.56
2/11/2012,6.803,-87.57
3/11/2012,6.803,-87.58
4/11/2012,6.803,-87.59
5/11/2012,6.803,-87.6
6/11/2012,6.803,-87.61
7/11/2012,6.803,-87.62
8/11/2012,6.803,-87.63
9/11/2012,6.803,-87.64
10/11/2012,6.803,-87.65
11/11/2012,6.803,-87.66
12/11/2012,6.803,-87.67
13/11/2012,6.803,-87.68
14/11/2012,6.803,-87.69
15/11/2012,6.803,-87.7
16/11/2012,6.803,-87.71
17/11/2012,6.803,-87.72
18/11/2012,6.803,-87.73
19/11/2012,6.803,-87.74
20/11/2012,6.803,-87.75
21/11/2012,6.803,-87.76
22/11/2012,6.803,-87.77
23/11/2012,6.803,-87.78
24/11/2012,6.803,-87.79
25/11/2012,6.803,-87.8
26/11/2012,6.803,-87.81
27/11/2012,6.803,-87.82
28/11/2012,6.803,-87.83
29/11/2012,6.803,-87.84
30/11/2012,6.803,-87.85
1/12/2012,2.874,-87.86
2/12/2012,2.874,-87.87
3/12/2012,2.874,-87.88
4/12/2012,2.874,-87.89
5/12/2012,2.874,-87.9
6/12/2012,2.874,-87.91
7/12/2012,2.874,-87.92
8/12/2012,2.874,-87.93
9/12/2012,2.874,-87.94
10/12/2012,2.874,-87.95
11/12/2012,2.874,-87.96
12/12/2012,2.874,
13/12/2012,2.874,
14/12/2012,2.874,-87.97
15/12/2012,2.874,-87.98
16/12/2012,2.874,-87.99
17/12/2012,2.874,-88
18/12/2012,2.874,-88.01
19/12/2012,2.874,-88.02
20/12/2012,2.874,-88.05
21/12/2012,2.874,-88.06
22/12/2012,2.874,-88.07
23/12/2012,2.874,-88.08
24/12/2012,2.874,-88.09
25/12/2012,2.874,-88.1
26/12/2012,2.874,-88.11
27/12/2012,2.874,-88.12
28/12/2012,2.874,-88.13
29/12/2012,2.874,-88.14
30/12/2012,2.874,-88.15
31/12/2012,2.874,-88.16
1/1/2013,2.937,-88.17
2/1/2013,2.937,-88.18
3/1/2013,2.937,-88.19
4/1/2013,2.937,-88.2
5/1/2013,2.937,-88.21
6/1/2013,2.937,-88.22
7/1/2013,2.937,-88.23
8/1/2013,2.937,-88.24
9/1/2013,2.937,-88.25
10/1/2013,2.937,-88.26
11/1/2013,2.937,-88.27
12/1/2013,2.937,-88.28
13/01/2013,2.937,-88.29
14/01/2013,2.937,-88.3
15/01/2013,2.937,-88.31
16/01/2013,2.937,-88.32
17/01/2013,2.937,-88.33
18/01/2013,2.937,-88.34
19/01/2013,2.937,-88.35
20/01/2013,2.937,-88.36
21/01/2013,2.937,-88.37
22/01/2013,2.937,-88.38
23/01/2013,2.937,-88.39
24/01/2013,2.937,-88.4
25/01/2013,2.937,-88.41
26/01/2013,2.937,-88.42
27/01/2013,2.937,-88.43
28/01/2013,2.937,-88.44
29/01/2013,2.937,-88.45
30/01/2013,2.937,-88.46
31/01/2013,2.937,-88.47
1/2/2013,3.788,-88.48
2/2/2013,3.788,
3/2/2013,3.788,
4/2/2013,3.788,-88.49
5/2/2013,3.788,-88.5
6/2/2013,3.788,-88.51
7/2/2013,3.788,-88.52
8/2/2013,3.788,-88.55
9/2/2013,3.788,-88.56
10/2/2013,3.788,-88.57
11/2/2013,3.788,-88.58
12/2/2013,3.788,-88.59
13/02/2013,3.788,-88.6
14/02/2013,3.788,-88.61
15/02/2013,3.788,-88.62
16/02/2013,3.788,-88.63
17/02/2013,3.788,-88.64
18/02/2013,3.788,-88.65
19/02/2013,3.788,-88.66
20/02/2013,3.788,-88.67
21/02/2013,3.788,-88.68
22/02/2013,3.788,-88.69
23/02/2013,3.788,-88.7
24/02/2013,3.788,-88.71
25/02/2013,3.788,-88.72
26/02/2013,3.788,-88.73
27/02/2013,3.788,-88.74
28/02/2013,3.788,-88.75
1/3/2013,4.176,-88.76
2/3/2013,4.176,-88.77
3/3/2013,4.176,-88.78
4/3/2013,4.176,-88.79
5/3/2013,4.176,-88.8
6/3/2013,4.176,-88.81
7/3/2013,4.176,-88.82
8/3/2013,4.176,-88.83
9/3/2013,4.176,-88.84
10/3/2013,4.176,-88.85
11/3/2013,4.176,-88.86
12/3/2013,4.176,-88.87
13/03/2013,4.176,-88.88
14/03/2013,4.176,-88.89
15/03/2013,4.176,-88.9
16/03/2013,4.176,-88.91
17/03/2013,4.176,-88.92
18/03/2013,4.176,-88.93
19/03/2013,4.176,-88.94
20/03/2013,4.176,-88.95
21/03/2013,4.176,-88.96
22/03/2013,4.176,-88.97
23/03/2013,4.176,-88.98
24/03/2013,4.176,-88.99
25/03/2013,4.176,-89
26/03/2013,4.176,
27/03/2013,4.176,
28/03/2013,4.176,-89.01
29/03/2013,4.176,-89.02
30/03/2013,4.176,-89.05
31/03/2013,4.176,-89.06
1/4/2013,2.028,-89.07
2/4/2013,2.028,-89.08
3/4/2013,2.028,-89.09
4/4/2013,2.028,-89.1
5/4/2013,2.028,-89.11
6/4/2013,2.028,-89.12
7/4/2013,2.028,-89.13
8/4/2013,2.028,-89.14
9/4/2013,2.028,-89.15
10/4/2013,2.028,-89.16
11/4/2013,2.028,-89.17
12/4/2013,2.028,-89.18
13/04/2013,2.028,-89.19
14/04/2013,2.028,-89.2
15/04/2013,2.028,-89.21
16/04/2013,2.028,-89.22
17/04/2013,2.028,-89.23
18/04/2013,2.028,-89.24
19/04/2013,2.028,-89.25
20/04/2013,2.028,-89.26
21/04/2013,2.028,-89.27
22/04/2013,2.028,-89.28
23/04/2013,2.028,-89.29
24/04/2013,2.028,-89.3
25/04/2013,2.028,-89.31
26/04/2013,2.028,-89.32
27/04/2013,2.028,-89.33
28/04/2013,2.028,-89.34
29/04/2013,2.028,-89.35
30/04/2013,2.028,-89.36
1/5/2013,2.996,-89.37
2/5/2013,2.996,-89.38
3/5/2013,2.996,-89.39
4/5/2013,2.996,-89.4
5/5/2013,2.996,-89.41
6/5/2013,2.996,-89.42
7/5/2013,2.996,-89.43
8/5/2013,2.996,-89.44
9/5/2013,2.996,-89.45
10/5/2013,2.996,-89.46
11/5/2013,2.996,-89.47
12/5/2013,2.996,-89.48
13/05/2013,2.996,-89.49
14/05/2013,2.996,-89.5
15/05/2013,2.996,-89.51
16/05/2013,2.996,-89.52
17/05/2013,2.996,
18/05/2013,2.996,
19/05/2013,2.996,-89.55
20/05/2013,2.996,-89.56
21/05/2013,2.996,-89.57
22/05/2013,2.996,-89.58
23/05/2013,2.996,-89.59
24/05/2013,2.996,-89.6
25/05/2013,2.996,-89.61
26/05/2013,2.996,-89.62
27/05/2013,2.996,-89.63
28/05/2013,2.996,-89.64
29/05/2013,2.996,-89.65
30/05/2013,2.996,-89.66
31/05/2013,2.996,-89.67
1/6/2013,1.208,-89.68
2/6/2013,1.208,-89.69
3/6/2013,1.208,-89.7
4/6/2013,1.208,-89.71
5/6/2013,1.208,-89.72
6/6/2013,1.208,-89.73
7/6/2013,1.208,-89.74
8/6/2013,1.208,-89.75
9/6/2013,1.208,-89.76
10/6/2013,1.208,-89.77
11/6/2013,1.208,-89.78
12/6/2013,1.208,-89.79
13/06/2013,1.208,-89.8
14/06/2013,1.208,-89.81
15/06/2013,1.208,-89.82
16/06/2013,1.208,-89.83
17/06/2013,1.208,-89.84
18/06/2013,1.208,-89.85
19/06/2013,1.208,-89.86
20/06/2013,1.208,-89.87
21/06/2013,1.208,-89.88
22/06/2013,1.208,-89.89
23/06/2013,1.208,-89.9
24/06/2013,1.208,-89.91
25/06/2013,1.208,-89.92
26/06/2013,1.208,-89.93
27/06/2013,1.208,-89.94
28/06/2013,1.208,-89.95
29/06/2013,1.208,-89.96
30/06/2013,1.208,-89.97
1/7/2013,2.043,-89.98
2/7/2013,2.043,-89.99
3/7/2013,2.043,-90
4/7/2013,2.043,-90.01
5/7/2013,2.043,-90.02
6/7/2013,2.043,-90.03
7/7/2013,2.043,-90.04
8/7/2013,2.043,-90.05
9/7/2013,2.043,-90.06
10/7/2013,2.043,-90.07
11/7/2013,2.043,-90.08
12/7/2013,2.043,-90.09
13/07/2013,2.043,-90.1
14/07/2013,2.043,-90.11
15/07/2013,2.043,-90.12
16/07/2013,2.043,-90.13
17/07/2013,2.043,-90.14
18/07/2013,2.043,-90.15
19/07/2013,2.043,-90.16
20/07/2013,2.043,-90.17
21/07/2013,2.043,-90.18
22/07/2013,2.043,-90.19
23/07/2013,2.043,-90.2
24/07/2013,2.043,-90.21
25/07/2013,2.043,-90.22
26/07/2013,2.043,-90.23
27/07/2013,2.043,-90.24
28/07/2013,2.043,-90.25
29/07/2013,2.043,-90.26
30/07/2013,2.043,-90.27
31/07/2013,2.043,-90.28
1/8/2013,1.489,-90.29
2/8/2013,1.489,-90.3
3/8/2013,1.489,-90.31
4/8/2013,1.489,-90.32
5/8/2013,1.489,-90.33
6/8/2013,1.489,-90.34
7/8/2013,1.489,-90.35
8/8/2013,1.489,-90.36
9/8/2013,1.489,-90.37
10/8/2013,1.489,-90.38
11/8/2013,1.489,-90.39
12/8/2013,1.489,-90.4
13/08/2013,1.489,-90.41
14/08/2013,1.489,-90.42
15/08/2013,1.489,-90.43
16/08/2013,1.489,-90.44
17/08/2013,1.489,-90.45
18/08/2013,1.489,-90.46
19/08/2013,1.489,-90.47
20/08/2013,1.489,-90.48
21/08/2013,1.489,-90.49
22/08/2013,1.489,-90.5
23/08/2013,1.489,-90.51
24/08/2013,1.489,-90.52
25/08/2013,1.489,-90.53
26/08/2013,1.489,-90.54
27/08/2013,1.489,
28/08/2013,1.489,
29/08/2013,1.489,-90.57
30/08/2013,1.489,-90.58
31/08/2013,1.489,-90.59
1/9/2013,1.935,-90.6
2/9/2013,1.935,-90.61
3/9/2013,1.935,-90.62
4/9/2013,1.935,-90.63
5/9/2013,1.935,-90.64
6/9/2013,1.935,-90.65
7/9/2013,1.935,-90.66
8/9/2013,1.935,-90.67
9/9/2013,1.935,-90.68
10/9/2013,1.935,-90.69
11/9/2013,1.935,-90.7
12/9/2013,1.935,-90.71
13/09/2013,1.935,-90.72
14/09/2013,1.935,-90.73
15/09/2013,1.935,-90.74
16/09/2013,1.935,-90.75
17/09/2013,1.935,-90.76
18/09/2013,1.935,-90.77
19/09/2013,1.935,-90.78
20/09/2013,1.935,-90.79
21/09/2013,1.935,-90.8
22/09/2013,1.935,-90.81
23/09/2013,1.935,-90.82
24/09/2013,1.935,-90.83
25/09/2013,1.935,-90.84
26/09/2013,1.935,-90.85
27/09/2013,1.935,-90.86
28/09/2013,1.935,-90.87
29/09/2013,1.935,-90.88
30/09/2013,1.935,-90.89
1/10/2013,3.523,-90.9
2/10/2013,3.523,-90.91
3/10/2013,3.523,-90.92
4/10/2013,3.523,-90.93
5/10/2013,3.523,-90.94
6/10/2013,3.523,-90.95
7/10/2013,3.523,-90.96
8/10/2013,3.523,-90.97
9/10/2013,3.523,-90.98
10/10/2013,3.523,-90.99
11/10/2013,3.523,-91
12/10/2013,3.523,-91.01
13/10/2013,3.523,-91.02
14/10/2013,3.523,-91.03
15/10/2013,3.523,-91.04
16/10/2013,3.523,-91.07
17/10/2013,3.523,-91.08
18/10/2013,3.523,
19/10/2013,3.523,
20/10/2013,3.523,-91.09
21/10/2013,3.523,-91.1
22/10/2013,3.523,-91.11
23/10/2013,3.523,-91.12
24/10/2013,3.523,-91.13
25/10/2013,3.523,-91.14
26/10/2013,3.523,-91.15
27/10/2013,3.523,-91.16
28/10/2013,3.523,-91.17
29/10/2013,3.523,-91.18
30/10/2013,3.523,-91.19
31/10/2013,3.523,-91.2
1/11/2013,5.484,-91.21
2/11/2013,5.484,-91.22
3/11/2013,5.484,-91.23
4/11/2013,5.484,-91.24
5/11/2013,5.484,-91.25
6/11/2013,5.484,-91.26
7/11/2013,5.484,-91.27
8/11/2013,5.484,-91.28
9/11/2013,5.484,-91.29
10/11/2013,5.484,-91.3
11/11/2013,5.484,-91.31
12/11/2013,5.484,-91.32
13/11/2013,5.484,-91.33
14/11/2013,5.484,-91.34
15/11/2013,5.484,-91.35
16/11/2013,5.484,-91.36
17/11/2013,5.484,-91.37
18/11/2013,5.484,-91.38
19/11/2013,5.484,-91.39
20/11/2013,5.484,-91.4
21/11/2013,5.484,-91.41
22/11/2013,5.484,-91.42
23/11/2013,5.484,-91.43
24/11/2013,5.484,-91.44
25/11/2013,5.484,-91.45
26/11/2013,5.484,-91.46
27/11/2013,5.484,-91.47
28/11/2013,5.484,-91.48
29/11/2013,5.484,-91.49
30/11/2013,5.484,-91.5
1/12/2013,1.368,-91.51
2/12/2013,1.368,-91.52
3/12/2013,1.368,-91.53
4/12/2013,1.368,-91.54
5/12/2013,1.368,-91.57
6/12/2013,1.368,-91.58
7/12/2013,1.368,-91.59
8/12/2013,1.368,-91.6
9/12/2013,1.368,
10/12/2013,1.368,
11/12/2013,1.368,-91.61
12/12/2013,1.368,-91.62
13/12/2013,1.368,-91.63
14/12/2013,1.368,-91.64
15/12/2013,1.368,-91.65
16/12/2013,1.368,-91.66
17/12/2013,1.368,-91.67
18/12/2013,1.368,-91.68
19/12/2013,1.368,-91.69
20/12/2013,1.368,-91.7
21/12/2013,1.368,-91.71
22/12/2013,1.368,-91.72
23/12/2013,1.368,-91.73
24/12/2013,1.368,-91.74
25/12/2013,1.368,-91.75
26/12/2013,1.368,-91.76
27/12/2013,1.368,-91.77
28/12/2013,1.368,-91.78
29/12/2013,1.368,-91.79
30/12/2013,1.368,-91.8
31/12/2013,1.368,-91.81
1/1/2014,4.748,-91.82
2/1/2014,4.748,-91.83
3/1/2014,4.748,-91.84
4/1/2014,4.748,-91.85
5/1/2014,4.748,-91.86
6/1/2014,4.748,-91.87
7/1/2014,4.748,-91.88
8/1/2014,4.748,-91.89
9/1/2014,4.748,-91.9
10/1/2014,4.748,-91.91
11/1/2014,4.748,-91.92
12/1/2014,4.748,-91.93
13/01/2014,4.748,-91.94
14/01/2014,4.748,-91.95
15/01/2014,4.748,-91.96
16/01/2014,4.748,-91.97
17/01/2014,4.748,-91.98
18/01/2014,4.748,-91.99
19/01/2014,4.748,-92
20/01/2014,4.748,-92.01
21/01/2014,4.748,-92.02
22/01/2014,4.748,-92.03
23/01/2014,4.748,-92.04
24/01/2014,4.748,-92.07
25/01/2014,4.748,-92.08
26/01/2014,4.748,-92.09
27/01/2014,4.748,-92.1
28/01/2014,4.748,-92.11
29/01/2014,4.748,-92.12
30/01/2014,4.748,
31/01/2014,4.748,
1/2/2014,4.069,-92.13
2/2/2014,4.069,-92.14
3/2/2014,4.069,-92.15
4/2/2014,4.069,-92.16
5/2/2014,4.069,-92.17
6/2/2014,4.069,-92.18
7/2/2014,4.069,-92.19
8/2/2014,4.069,-92.2
9/2/2014,4.069,-92.21
10/2/2014,4.069,-92.22
11/2/2014,4.069,-92.23
12/2/2014,4.069,-92.24
13/02/2014,4.069,-92.25
14/02/2014,4.069,-92.26
15/02/2014,4.069,-92.27
16/02/2014,4.069,-92.28
17/02/2014,4.069,-92.29
18/02/2014,4.069,-92.3
19/02/2014,4.069,-92.31
20/02/2014,4.069,-92.32
21/02/2014,4.069,-92.33
22/02/2014,4.069,-92.34
23/02/2014,4.069,-92.35
24/02/2014,4.069,-92.36
25/02/2014,4.069,-92.37
26/02/2014,4.069,-92.38
27/02/2014,4.069,-92.39
28/02/2014,4.069,-92.4
1/3/2014,2.729,-92.41
2/3/2014,2.729,-92.42
3/3/2014,2.729,-92.43
4/3/2014,2.729,-92.44
5/3/2014,2.729,-92.45
6/3/2014,2.729,-92.46
7/3/2014,2.729,-92.47
8/3/2014,2.729,-92.48
9/3/2014,2.729,-92.49
10/3/2014,2.729,-92.5
11/3/2014,2.729,-92.51
12/3/2014,2.729,-92.52
13/03/2014,2.729,-92.53
14/03/2014,2.729,-92.54
15/03/2014,2.729,-92.57
16/03/2014,2.729,-92.58
17/03/2014,2.729,-92.59
18/03/2014,2.729,-92.6
19/03/2014,2.729,-92.61
20/03/2014,2.729,-92.62
21/03/2014,2.729,-92.63
22/03/2014,2.729,-92.64
23/03/2014,2.729,
24/03/2014,2.729,
25/03/2014,2.729,-92.65
26/03/2014,2.729,-92.66
27/03/2014,2.729,-92.67
28/03/2014,2.729,-92.68
29/03/2014,2.729,-92.69
30/03/2014,2.729,-92.7
31/03/2014,2.729,-92.71
1/4/2014,2.142,-92.72
2/4/2014,2.142,-92.73
3/4/2014,2.142,-92.74
4/4/2014,2.142,-92.75
5/4/2014,2.142,-92.76
6/4/2014,2.142,-92.77
7/4/2014,2.142,-92.78
8/4/2014,2.142,-92.79
9/4/2014,2.142,-92.8
10/4/2014,2.142,-92.81
11/4/2014,2.142,-92.82
12/4/2014,2.142,-92.83
13/04/2014,2.142,-92.84
14/04/2014,2.142,-92.85
15/04/2014,2.142,-92.86
16/04/2014,2.142,-92.87
17/04/2014,2.142,-92.88
18/04/2014,2.142,-92.89
19/04/2014,2.142,-92.9
20/04/2014,2.142,-92.91
21/04/2014,2.142,-92.92
22/04/2014,2.142,-92.93
23/04/2014,2.142,-92.94
24/04/2014,2.142,-92.95
25/04/2014,2.142,-92.96
26/04/2014,2.142,-92.97
27/04/2014,2.142,-92.98
28/04/2014,2.142,-92.99
29/04/2014,2.142,-93
30/04/2014,2.142,-93.01
1/5/2014,2.166,-93.02
2/5/2014,2.166,-93.03
3/5/2014,2.166,-93.04
4/5/2014,2.166,-93.07
5/5/2014,2.166,-93.08
6/5/2014,2.166,-93.09
7/5/2014,2.166,-93.1
8/5/2014,2.166,-93.11
9/5/2014,2.166,-93.12
10/5/2014,2.166,-93.13
11/5/2014,2.166,-93.14
12/5/2014,2.166,-93.15
13/05/2014,2.166,-93.16
14/05/2014,2.166,
15/05/2014,2.166,
16/05/2014,2.166,-93.17
17/05/2014,2.166,-93.18
18/05/2014,2.166,-93.19
19/05/2014,2.166,-93.2
20/05/2014,2.166,-93.21
21/05/2014,2.166,-93.22
22/05/2014,2.166,-93.23
23/05/2014,2.166,-93.24
24/05/2014,2.166,-93.25
25/05/2014,2.166,-93.26
26/05/2014,2.166,-93.27
27/05/2014,2.166,-93.28
28/05/2014,2.166,-93.29
29/05/2014,2.166,-93.3
30/05/2014,2.166,-93.31
31/05/2014,2.166,-93.32
1/6/2014,3.634,-93.33
2/6/2014,3.634,-93.34
3/6/2014,3.634,-93.35
4/6/2014,3.634,-93.36
5/6/2014,3.634,-93.37
6/6/2014,3.634,-93.38
7/6/2014,3.634,-93.39
8/6/2014,3.634,-93.4
9/6/2014,3.634,-93.41
10/6/2014,3.634,-93.42
11/6/2014,3.634,-93.43
12/6/2014,3.634,-93.44
13/06/2014,3.634,-93.45
14/06/2014,3.634,-93.46
15/06/2014,3.634,-93.47
16/06/2014,3.634,-93.48
17/06/2014,3.634,-93.49
18/06/2014,3.634,-93.5
19/06/2014,3.634,-93.51
20/06/2014,3.634,-93.52
21/06/2014,3.634,-93.53
22/06/2014,3.634,-93.54
23/06/2014,3.634,-93.57
24/06/2014,3.634,-93.58
25/06/2014,3.634,-93.59
26/06/2014,3.634,-93.6
27/06/2014,3.634,-93.61
28/06/2014,3.634,-93.62
29/06/2014,3.634,-93.63
30/06/2014,3.634,-93.64
1/7/2014,2.131,-93.65
2/7/2014,2.131,-93.66
3/7/2014,2.131,-93.67
4/7/2014,2.131,-93.68
5/7/2014,2.131,
6/7/2014,2.131,
7/7/2014,2.131,-93.69
8/7/2014,2.131,-93.7
9/7/2014,2.131,-93.71
10/7/2014,2.131,-93.72
11/7/2014,2.131,-93.73
12/7/2014,2.131,-93.74
13/07/2014,2.131,-93.75
14/07/2014,2.131,-93.76
15/07/2014,2.131,-93.77
16/07/2014,2.131,-93.78
17/07/2014,2.131,-93.79
18/07/2014,2.131,-93.8
19/07/2014,2.131,-93.81
20/07/2014,2.131,-93.82
21/07/2014,2.131,-93.83
22/07/2014,2.131,-93.84
23/07/2014,2.131,-93.85
24/07/2014,2.131,-93.86
25/07/2014,2.131,-93.87
26/07/2014,2.131,-93.88
27/07/2014,2.131,-93.89
28/07/2014,2.131,-93.9
29/07/2014,2.131,-93.91
30/07/2014,2.131,-93.92
31/07/2014,2.131,-93.93
1/8/2014,0.933,-93.94
2/8/2014,0.933,-93.95
3/8/2014,0.933,-93.96
4/8/2014,0.933,-93.97
5/8/2014,0.933,-93.98
6/8/2014,0.933,-93.99
7/8/2014,0.933,-94
8/8/2014,0.933,-94.01
9/8/2014,0.933,-94.02
10/8/2014,0.933,-94.03
11/8/2014,0.933,-94.04
12/8/2014,0.933,-94.07
13/08/2014,0.933,-94.08
14/08/2014,0.933,-94.09
15/08/2014,0.933,-94.1
16/08/2014,0.933,-94.11
17/08/2014,0.933,-94.12
18/08/2014,0.933,-94.13
19/08/2014,0.933,-94.14
20/08/2014,0.933,-94.15
21/08/2014,0.933,-94.16
22/08/2014,0.933,-94.17
23/08/2014,0.933,-94.18
24/08/2014,0.933,-94.19
25/08/2014,0.933,-94.2
26/08/2014,0.933,
27/08/2014,0.933,
28/08/2014,0.933,-94.21
29/08/2014,0.933,-94.22
30/08/2014,0.933,-94.23
31/08/2014,0.933,-94.24
1/9/2014,2.427,-94.25
2/9/2014,2.427,-94.26
3/9/2014,2.427,-94.27
4/9/2014,2.427,-94.28
5/9/2014,2.427,-94.29
6/9/2014,2.427,-94.3
7/9/2014,2.427,-94.31
8/9/2014,2.427,-94.32
9/9/2014,2.427,-94.33
10/9/2014,2.427,-94.34
11/9/2014,2.427,-94.35
12/9/2014,2.427,-94.36
13/09/2014,2.427,-94.37
14/09/2014,2.427,-94.38
15/09/2014,2.427,-94.39
16/09/2014,2.427,-94.4
17/09/2014,2.427,-94.41
18/09/2014,2.427,-94.42
19/09/2014,2.427,-94.43
20/09/2014,2.427,-94.44
21/09/2014,2.427,-94.45
22/09/2014,2.427,-94.46
23/09/2014,2.427,-94.47
24/09/2014,2.427,-94.48
25/09/2014,2.427,-94.49
26/09/2014,2.427,-94.5
27/09/2014,2.427,-94.51
28/09/2014,2.427,-94.52
29/09/2014,2.427,-94.53
30/09/2014,2.427,-94.54
1/10/2014,2.919,-94.57
2/10/2014,2.919,-94.58
3/10/2014,2.919,-94.59
4/10/2014,2.919,-94.6
5/10/2014,2.919,-94.61
6/10/2014,2.919,-94.62
7/10/2014,2.919,-94.63
8/10/2014,2.919,-94.64
9/10/2014,2.919,-94.65
10/10/2014,2.919,-94.66
11/10/2014,2.919,-94.67
12/10/2014,2.919,-94.68
13/10/2014,2.919,-94.69
14/10/2014,2.919,-94.7
15/10/2014,2.919,-94.71
16/10/2014,2.919,-94.72
17/10/2014,2.919,
18/10/2014,2.919,
19/10/2014,2.919,-94.73
20/10/2014,2.919,-94.74
21/10/2014,2.919,-94.75
22/10/2014,2.919,-94.76
23/10/2014,2.919,-94.77
24/10/2014,2.919,-94.78
25/10/2014,2.919,-94.79
26/10/2014,2.919,-94.8
27/10/2014,2.919,-94.81
28/10/2014,2.919,-94.82
29/10/2014,2.919,-94.83
30/10/2014,2.919,-94.84
31/10/2014,2.919,-94.85
1/11/2014,7.688,-94.86
2/11/2014,7.688,-94.87
3/11/2014,7.688,-94.88
4/11/2014,7.688,-94.89
5/11/2014,7.688,-94.9
6/11/2014,7.688,-94.91
7/11/2014,7.688,-94.92
8/11/2014,7.688,-94.93
9/11/2014,7.688,-94.94
10/11/2014,7.688,-94.95
11/11/2014,7.688,-94.96
12/11/2014,7.688,-94.97
13/11/2014,7.688,-94.98
14/11/2014,7.688,-94.99
15/11/2014,7.688,-95
16/11/2014,7.688,-95.01
17/11/2014,7.688,-95.02
18/11/2014,7.688,-95.03
19/11/2014,7.688,-95.04
20/11/2014,7.688,-95.07
21/11/2014,7.688,-95.08
22/11/2014,7.688,-95.09
23/11/2014,7.688,-95.1
24/11/2014,7.688,-95.11
25/11/2014,7.688,-95.12
26/11/2014,7.688,-95.13
27/11/2014,7.688,-95.14
28/11/2014,7.688,-95.15
29/11/2014,7.688,-95.16
30/11/2014,7.688,-95.17
1/12/2014,2.849,-95.18
2/12/2014,2.849,-95.19
3/12/2014,2.849,-95.2
4/12/2014,2.849,-95.21
5/12/2014,2.849,-95.22
6/12/2014,2.849,-95.23
7/12/2014,2.849,-95.24
8/12/2014,2.849,
9/12/2014,2.849,
10/12/2014,2.849,-95.25
11/12/2014,2.849,-95.26
12/12/2014,2.849,-95.27
13/12/2014,2.849,-95.28
14/12/2014,2.849,-95.29
15/12/2014,2.849,-95.3
16/12/2014,2.849,-95.31
17/12/2014,2.849,-95.32
18/12/2014,2.849,-95.33
19/12/2014,2.849,-95.34
20/12/2014,2.849,-95.35
21/12/2014,2.849,-95.36
22/12/2014,2.849,-95.37
23/12/2014,2.849,-95.38
24/12/2014,2.849,-95.39
25/12/2014,2.849,-95.4
26/12/2014,2.849,-95.41
27/12/2014,2.849,-95.42
28/12/2014,2.849,-95.43
29/12/2014,2.849,-95.44
30/12/2014,2.849,-95.45
31/12/2014,2.849,-95.46
1/1/2015,1.78,-95.47
2/1/2015,1.78,-95.48
3/1/2015,1.78,-95.49
4/1/2015,1.78,-95.5
5/1/2015,1.78,-95.51
6/1/2015,1.78,-95.52
7/1/2015,1.78,-95.53
8/1/2015,1.78,-95.54
9/1/2015,1.78,-95.57
10/1/2015,1.78,-95.58
11/1/2015,1.78,-95.59
12/1/2015,1.78,-95.6
13/01/2015,1.78,-95.61
14/01/2015,1.78,-95.62
15/01/2015,1.78,-95.63
16/01/2015,1.78,-95.64
17/01/2015,1.78,-95.65
18/01/2015,1.78,-95.66
19/01/2015,1.78,-95.67
20/01/2015,1.78,-95.68
21/01/2015,1.78,-95.69
22/01/2015,1.78,-95.7
23/01/2015,1.78,-95.71
24/01/2015,1.78,-95.72
25/01/2015,1.78,-95.73
26/01/2015,1.78,-95.74
27/01/2015,1.78,-95.75
28/01/2015,1.78,-95.76
29/01/2015,1.78,
30/01/2015,1.78,
31/01/2015,1.78,-95.77
1/2/2015,3.778,-95.78
2/2/2015,3.778,-95.79
3/2/2015,3.778,-95.8
4/2/2015,3.778,-95.81
5/2/2015,3.778,-95.82
6/2/2015,3.778,-95.83
7/2/2015,3.778,-95.84
8/2/2015,3.778,-95.85
9/2/2015,3.778,-95.86
10/2/2015,3.778,-95.87
11/2/2015,3.778,-95.88
12/2/2015,3.778,-95.89
13/02/2015,3.778,-95.9
14/02/2015,3.778,-95.91
15/02/2015,3.778,-95.92
16/02/2015,3.778,-95.93
17/02/2015,3.778,-95.94
18/02/2015,3.778,-95.95
19/02/2015,3.778,-95.96
20/02/2015,3.778,-95.97
21/02/2015,3.778,-95.98
22/02/2015,3.778,-95.99
23/02/2015,3.778,-96
24/02/2015,3.778,-96.01
25/02/2015,3.778,-96.02
26/02/2015,3.778,-96.03
27/02/2015,3.778,-96.04
28/02/2015,3.778,-96.07
1/3/2015,4.346,-96.08
2/3/2015,4.346,-96.09
3/3/2015,4.346,-96.1
4/3/2015,4.346,-96.11
5/3/2015,4.346,-96.12
6/3/2015,4.346,-96.13
7/3/2015,4.346,-96.14
8/3/2015,4.346,-96.15
9/3/2015,4.346,-96.16
10/3/2015,4.346,-96.17
11/3/2015,4.346,-96.18
12/3/2015,4.346,-96.19
13/03/2015,4.346,-96.2
14/03/2015,4.346,-96.21
15/03/2015,4.346,-96.22
16/03/2015,4.346,-96.23
17/03/2015,4.346,-96.24
18/03/2015,4.346,-96.25
19/03/2015,4.346,-96.26
20/03/2015,4.346,-96.27
21/03/2015,4.346,-96.28
22/03/2015,4.346,
23/03/2015,4.346,
24/03/2015,4.346,-96.29
25/03/2015,4.346,-96.3
26/03/2015,4.346,-96.31
27/03/2015,4.346,-96.32
28/03/2015,4.346,-96.33
29/03/2015,4.346,-96.34
30/03/2015,4.346,-96.35
31/03/2015,4.346,-96.36
1/4/2015,1.954,-96.37
2/4/2015,1.954,-96.38
3/4/2015,1.954,-96.39
4/4/2015,1.954,-96.4
5/4/2015,1.954,-96.41
6/4/2015,1.954,-96.42
7/4/2015,1.954,-96.43
8/4/2015,1.954,-96.44
9/4/2015,1.954,-96.45
10/4/2015,1.954,-96.46
11/4/2015,1.954,-96.47
12/4/2015,1.954,-96.48
13/04/2015,1.954,-96.49
14/04/2015,1.954,-96.5
15/04/2015,1.954,-96.51
16/04/2015,1.954,-96.52
17/04/2015,1.954,-96.53
18/04/2015,1.954,-96.54
19/04/2015,1.954,-96.57
20/04/2015,1.954,-96.58
21/04/2015,1.954,-96.59
22/04/2015,1.954,-96.6
23/04/2015,1.954,-96.61
24/04/2015,1.954,-96.62
25/04/2015,1.954,-96.63
26/04/2015,1.954,-96.64
27/04/2015,1.954,-96.65
28/04/2015,1.954,-96.66
29/04/2015,1.954,-96.67
30/04/2015,1.954,-96.68
1/5/2015,1.639,-96.69
2/5/2015,1.639,-96.7
3/5/2015,1.639,-96.71
4/5/2015,1.639,-96.72
5/5/2015,1.639,-96.73
6/5/2015,1.639,-96.74
7/5/2015,1.639,-96.75
8/5/2015,1.639,-96.76
9/5/2015,1.639,-96.77
10/5/2015,1.639,-96.78
11/5/2015,1.639,-96.79
12/5/2015,1.639,-96.8
13/05/2015,1.639,
14/05/2015,1.639,
15/05/2015,1.639,-96.81
16/05/2015,1.639,-96.82
17/05/2015,1.639,-96.83
18/05/2015,1.639,-96.84
19/05/2015,1.639,-96.85
20/05/2015,1.639,-96.86
21/05/2015,1.639,-96.87
22/05/2015,1.639,-96.88
23/05/2015,1.639,-96.89
24/05/2015,1.639,-96.9
25/05/2015,1.639,-96.91
26/05/2015,1.639,-96.92
27/05/2015,1.639,-96.93
28/05/2015,1.639,-96.94
29/05/2015,1.639,-96.95
30/05/2015,1.639,-96.96
31/05/2015,1.639,-96.97
1/6/2015,1.915,-96.98
2/6/2015,1.915,-96.99
3/6/2015,1.915,-97
4/6/2015,1.915,-97.01
5/6/2015,1.915,-97.02
6/6/2015,1.915,-97.03
7/6/2015,1.915,-97.04
8/6/2015,1.915,-97.07
9/6/2015,1.915,-97.08
10/6/2015,1.915,-97.09
11/6/2015,1.915,-97.1
12/6/2015,1.915,-97.11
13/06/2015,1.915,-97.12
14/06/2015,1.915,-97.13
15/06/2015,1.915,-97.14
16/06/2015,1.915,-97.15
17/06/2015,1.915,-97.16
18/06/2015,1.915,-97.17
19/06/2015,1.915,-97.18
20/06/2015,1.915,-97.19
21/06/2015,1.915,-97.2
22/06/2015,1.915,-97.21
23/06/2015,1.915,-97.22
24/06/2015,1.915,-97.23
25/06/2015,1.915,-97.24
26/06/2015,1.915,-97.25
27/06/2015,1.915,-97.26
28/06/2015,1.915,-97.27
29/06/2015,1.915,-97.28
30/06/2015,1.915,-97.29
1/7/2015,0.852,-97.3
2/7/2015,0.852,-97.31
3/7/2015,0.852,-97.32
4/7/2015,0.852,
5/7/2015,0.852,
6/7/2015,0.852,-97.33
7/7/2015,0.852,-97.34
8/7/2015,0.852,-97.35
9/7/2015,0.852,-97.36
10/7/2015,0.852,-97.37
11/7/2015,0.852,-97.38
12/7/2015,0.852,-97.39
13/07/2015,0.852,-97.4
14/07/2015,0.852,-97.41
15/07/2015,0.852,-97.42
16/07/2015,0.852,-97.43
17/07/2015,0.852,-97.44
18/07/2015,0.852,-97.45
19/07/2015,0.852,-97.46
20/07/2015,0.852,-97.47
21/07/2015,0.852,-97.48
22/07/2015,0.852,-97.49
23/07/2015,0.852,-97.5
24/07/2015,0.852,-97.51
25/07/2015,0.852,-97.52
26/07/2015,0.852,-97.53
27/07/2015,0.852,-97.54
28/07/2015,0.852,-97.57
29/07/2015,0.852,-97.58
30/07/2015,0.852,-97.59
31/07/2015,0.852,-97.6
1/8/2015,2.927,-97.61
2/8/2015,2.927,-97.62
3/8/2015,2.927,-97.63
4/8/2015,2.927,-97.64
5/8/2015,2.927,-97.65
6/8/2015,2.927,-97.66
7/8/2015,2.927,-97.67
8/8/2015,2.927,-97.68
9/8/2015,2.927,-97.69
10/8/2015,2.927,-97.7
11/8/2015,2.927,-97.71
12/8/2015,2.927,-97.72
13/08/2015,2.927,-97.73
14/08/2015,2.927,-97.74
15/08/2015,2.927,-97.75
16/08/2015,2.927,-97.76
17/08/2015,2.927,-97.77
18/08/2015,2.927,-97.78
19/08/2015,2.927,-97.79
20/08/2015,2.927,-97.8
21/08/2015,2.927,-97.81
22/08/2015,2.927,-97.82
23/08/2015,2.927,-97.83
24/08/2015,2.927,-97.84
25/08/2015,2.927,
26/08/2015,2.927,
27/08/2015,2.927,-97.85
28/08/2015,2.927,-97.86
29/08/2015,2.927,-97.87
30/08/2015,2.927,-97.88
31/08/2015,2.927,-97.89
1/9/2015,1.71,-97.9
2/9/2015,1.71,-97.91
3/9/2015,1.71,-97.92
4/9/2015,1.71,-97.93
5/9/2015,1.71,-97.94
6/9/2015,1.71,-97.95
7/9/2015,1.71,-97.96
8/9/2015,1.71,-97.97
9/9/2015,1.71,-97.98
10/9/2015,1.71,-97.99
11/9/2015,1.71,-98
12/9/2015,1.71,-98.01
13/09/2015,1.71,-98.02
14/09/2015,1.71,-98.03
15/09/2015,1.71,-98.04
16/09/2015,1.71,-98.07
17/09/2015,1.71,-98.08
18/09/2015,1.71,-98.09
19/09/2015,1.71,-98.1
20/09/2015,1.71,-98.11
21/09/2015,1.71,-98.12
22/09/2015,1.71,-98.13
23/09/2015,1.71,-98.14
24/09/2015,1.71,-98.15
25/09/2015,1.71,-98.16
26/09/2015,1.71,-98.17
27/09/2015,1.71,-98.18
28/09/2015,1.71,-98.19
29/09/2015,1.71,-98.2
30/09/2015,1.71,-98.21
1/10/2015,4.232,-98.22
2/10/2015,4.232,-98.23
3/10/2015,4.232,-98.24
4/10/2015,4.232,-98.25
5/10/2015,4.232,-98.26
6/10/2015,4.232,-98.27
7/10/2015,4.232,-98.28
8/10/2015,4.232,-98.29
9/10/2015,4.232,-98.3
10/10/2015,4.232,-98.31
11/10/2015,4.232,-98.32
12/10/2015,4.232,-98.33
13/10/2015,4.232,-98.34
14/10/2015,4.232,-98.35
15/10/2015,4.232,-98.36
16/10/2015,4.232,
17/10/2015,4.232,
18/10/2015,4.232,-98.37
19/10/2015,4.232,-98.38
20/10/2015,4.232,-98.39
21/10/2015,4.232,-98.4
22/10/2015,4.232,-98.41
23/10/2015,4.232,-98.42
24/10/2015,4.232,-98.43
25/10/2015,4.232,-98.44
26/10/2015,4.232,-98.45
27/10/2015,4.232,-98.46
28/10/2015,4.232,-98.47
29/10/2015,4.232,-98.48
30/10/2015,4.232,-98.49
31/10/2015,4.232,-98.5
1/11/2015,1.562,-98.51
2/11/2015,1.562,-98.52
3/11/2015,1.562,-98.53
4/11/2015,1.562,-98.54
5/11/2015,1.562,-98.57
6/11/2015,1.562,-98.58
7/11/2015,1.562,-98.59
8/11/2015,1.562,-98.6
9/11/2015,1.562,-98.61
10/11/2015,1.562,-98.62
11/11/2015,1.562,-98.63
12/11/2015,1.562,-98.64
13/11/2015,1.562,-98.65
14/11/2015,1.562,-98.66
15/11/2015,1.562,-98.67
16/11/2015,1.562,-98.68
17/11/2015,1.562,-98.69
18/11/2015,1.562,-98.7
19/11/2015,1.562,-98.71
20/11/2015,1.562,-98.72
21/11/2015,1.562,-98.73
22/11/2015,1.562,-98.74
23/11/2015,1.562,-98.75
24/11/2015,1.562,-98.76
25/11/2015,1.562,-98.77
26/11/2015,1.562,-98.78
27/11/2015,1.562,-98.79
28/11/2015,1.562,-98.8
29/11/2015,1.562,-98.81
30/11/2015,1.562,-98.82
1/12/2015,0.184,-98.83
2/12/2015,0.184,-98.84
3/12/2015,0.184,-98.85
4/12/2015,0.184,-98.86
5/12/2015,0.184,-98.87
6/12/2015,0.184,-98.88
7/12/2015,0.184,
8/12/2015,0.184,
9/12/2015,0.184,-98.89
10/12/2015,0.184,-98.9
11/12/2015,0.184,-98.91
12/12/2015,0.184,-98.92
13/12/2015,0.184,-98.93
14/12/2015,0.184,-98.94
15/12/2015,0.184,-98.95
16/12/2015,0.184,-98.96
17/12/2015,0.184,-98.97
18/12/2015,0.184,-98.98
19/12/2015,0.184,-98.99
20/12/2015,0.184,-99
21/12/2015,0.184,-99.01
22/12/2015,0.184,-99.02
23/12/2015,0.184,-99.03
24/12/2015,0.184,-99.04
25/12/2015,0.184,-99.07
26/12/2015,0.184,-99.08
27/12/2015,0.184,-99.09
28/12/2015,0.184,-99.1
29/12/2015,0.184,-99.11
30/12/2015,0.184,-99.12
31/12/2015,0.184,-99.13
1/1/2016,1.608,-99.14
2/1/2016,1.608,-99.15
3/1/2016,1.608,-99.16
4/1/2016,1.608,-99.17
5/1/2016,1.608,-99.18
6/1/2016,1.608,-99.19
7/1/2016,1.608,-99.2
8/1/2016,1.608,-99.21
9/1/2016,1.608,-99.22
10/1/2016,1.608,-99.23
11/1/2016,1.608,-99.24
12/1/2016,1.608,-99.25
13/01/2016,1.608,-99.26
14/01/2016,1.608,-99.27
15/01/2016,1.608,-99.28
16/01/2016,1.608,-99.29
17/01/2016,1.608,-99.3
18/01/2016,1.608,-99.31
19/01/2016,1.608,-99.32
20/01/2016,1.608,-99.33
21/01/2016,1.608,-99.34
22/01/2016,1.608,-99.35
23/01/2016,1.608,-99.36
24/01/2016,1.608,-99.37
25/01/2016,1.608,-99.38
26/01/2016,1.608,-99.39
27/01/2016,1.608,-99.4
28/01/2016,1.608,
29/01/2016,1.608,
30/01/2016,1.608,-99.41
31/01/2016,1.608,-99.42
1/2/2016,4.733,-99.43
2/2/2016,4.733,-99.44
3/2/2016,4.733,-99.45
4/2/2016,4.733,-99.46
5/2/2016,4.733,-99.47
6/2/2016,4.733,-99.48
7/2/2016,4.733,-99.49
8/2/2016,4.733,-99.5
9/2/2016,4.733,-99.51
10/2/2016,4.733,-99.52
11/2/2016,4.733,-99.53
12/2/2016,4.733,-99.54
13/02/2016,4.733,-99.57
14/02/2016,4.733,-99.58
15/02/2016,4.733,-99.59
16/02/2016,4.733,-99.6
17/02/2016,4.733,-99.61
18/02/2016,4.733,-99.62
19/02/2016,4.733,-99.63
20/02/2016,4.733,-99.64
21/02/2016,4.733,-99.65
22/02/2016,4.733,-99.66
23/02/2016,4.733,-99.67
24/02/2016,4.733,-99.68
25/02/2016,4.733,-99.69
26/02/2016,4.733,-99.7
27/02/2016,4.733,-99.71
28/02/2016,4.733,-99.72
29/02/2016,4.733,-99.73
1/3/2016,1.867,-99.74
2/3/2016,1.867,-99.75
3/3/2016,1.867,-99.76
4/3/2016,1.867,-99.77
5/3/2016,1.867,-99.78
6/3/2016,1.867,-99.79
7/3/2016,1.867,-99.8
8/3/2016,1.867,-99.81
9/3/2016,1.867,-99.82
10/3/2016,1.867,-99.83
11/3/2016,1.867,-99.84
12/3/2016,1.867,-99.85
13/03/2016,1.867,-99.86
14/03/2016,1.867,-99.87
15/03/2016,1.867,-99.88
16/03/2016,1.867,-99.89
17/03/2016,1.867,-99.9
18/03/2016,1.867,-99.91
19/03/2016,1.867,-99.92
20/03/2016,1.867,
21/03/2016,1.867,
22/03/2016,1.867,-99.93
23/03/2016,1.867,-99.94
24/03/2016,1.867,-99.95
25/03/2016,1.867,-99.96
26/03/2016,1.867,-99.97
27/03/2016,1.867,-99.98
28/03/2016,1.867,-99.99
29/03/2016,1.867,-100
30/03/2016,1.867,-100.01
31/03/2016,1.867,-100.02
1/4/2016,1.651,-100.03
2/4/2016,1.651,-100.04
3/4/2016,1.651,-100.07
4/4/2016,1.651,-100.08
5/4/2016,1.651,-100.09
6/4/2016,1.651,-100.1
7/4/2016,1.651,-100.11
8/4/2016,1.651,-100.12
9/4/2016,1.651,-100.13
10/4/2016,1.651,-100.14
11/4/2016,1.651,-100.15
12/4/2016,1.651,-100.16
13/04/2016,1.651,-100.17
14/04/2016,1.651,-100.18
15/04/2016,1.651,-100.19
16/04/2016,1.651,-100.2
17/04/2016,1.651,-100.21
18/04/2016,1.651,-100.22
19/04/2016,1.651,-100.23
20/04/2016,1.651,-100.24
21/04/2016,1.651,-100.25
22/04/2016,1.651,-100.26
23/04/2016,1.651,-100.27
24/04/2016,1.651,-100.28
25/04/2016,1.651,-100.29
26/04/2016,1.651,-100.3
27/04/2016,1.651,-100.31
28/04/2016,1.651,-100.32
29/04/2016,1.651,-100.33
30/04/2016,1.651,-100.34
1/5/2016,2.271,-100.35
2/5/2016,2.271,-100.36
3/5/2016,2.271,-100.37
4/5/2016,2.271,-100.38
5/5/2016,2.271,-100.39
6/5/2016,2.271,-100.4
7/5/2016,2.271,-100.41
8/5/2016,2.271,-100.42
9/5/2016,2.271,-100.43
10/5/2016,2.271,-100.44
11/5/2016,2.271,
12/5/2016,2.271,
13/05/2016,2.271,-100.45
14/05/2016,2.271,-100.46
15/05/2016,2.271,-100.47
16/05/2016,2.271,-100.48
17/05/2016,2.271,-100.49
18/05/2016,2.271,-100.5
19/05/2016,2.271,-100.51
20/05/2016,2.271,-100.52
21/05/2016,2.271,-100.53
22/05/2016,2.271,-100.54
23/05/2016,2.271,-100.57
24/05/2016,2.271,-100.58
25/05/2016,2.271,-100.59
26/05/2016,2.271,-100.6
27/05/2016,2.271,-100.61
28/05/2016,2.271,-100.62
29/05/2016,2.271,-100.63
30/05/2016,2.271,-100.64
31/05/2016,2.271,-100.65
1/6/2016,2.927,-100.66
2/6/2016,2.927,-100.67
3/6/2016,2.927,-100.68
4/6/2016,2.927,-100.69
5/6/2016,2.927,-100.7
6/6/2016,2.927,-100.71
7/6/2016,2.927,-100.72
8/6/2016,2.927,-100.73
9/6/2016,2.927,-100.74
10/6/2016,2.927,-100.75
11/6/2016,2.927,-100.76
12/6/2016,2.927,-100.77
13/06/2016,2.927,-100.78
14/06/2016,2.927,-100.79
15/06/2016,2.927,-100.8
16/06/2016,2.927,-100.81
17/06/2016,2.927,-100.82
18/06/2016,2.927,-100.83
19/06/2016,2.927,-100.84
20/06/2016,2.927,-100.85
21/06/2016,2.927,-100.86
22/06/2016,2.927,-100.87
23/06/2016,2.927,-100.88
24/06/2016,2.927,-100.89
25/06/2016,2.927,-100.9
26/06/2016,2.927,-100.91
27/06/2016,2.927,-100.92
28/06/2016,2.927,-100.93
29/06/2016,2.927,-100.94
30/06/2016,2.927,-100.95
1/7/2016,1.244,-100.96
2/7/2016,1.244,
3/7/2016,1.244,
4/7/2016,1.244,-100.97
5/7/2016,1.244,-100.98
6/7/2016,1.244,-100.99
7/7/2016,1.244,-101
8/7/2016,1.244,-101.01
9/7/2016,1.244,-101.02
10/7/2016,1.244,-101.03
11/7/2016,1.244,-101.04
12/7/2016,1.244,-101.07
13/07/2016,1.244,-101.08
14/07/2016,1.244,-101.09
15/07/2016,1.244,-101.1
16/07/2016,1.244,-101.11
17/07/2016,1.244,-101.12
18/07/2016,1.244,-101.13
19/07/2016,1.244,-101.14
20/07/2016,1.244,-101.15
21/07/2016,1.244,-101.16
22/07/2016,1.244,-101.17
23/07/2016,1.244,-101.18
24/07/2016,1.244,-101.19
25/07/2016,1.244,-101.2
26/07/2016,1.244,-101.21
27/07/2016,1.244,-101.22
28/07/2016,1.244,-101.23
29/07/2016,1.244,-101.24
30/07/2016,1.244,-101.25
31/07/2016,1.244,-101.26
1/8/2016,1.167,-101.27
2/8/2016,1.167,-101.28
3/8/2016,1.167,-101.29
4/8/2016,1.167,-101.3
5/8/2016,1.167,-101.31
6/8/2016,1.167,-101.32
7/8/2016,1.167,-101.33
8/8/2016,1.167,-101.34
9/8/2016,1.167,-101.35
10/8/2016,1.167,-101.36
11/8/2016,1.167,-101.37
12/8/2016,1.167,-101.38
13/08/2016,1.167,-101.39
14/08/2016,1.167,-101.4
15/08/2016,1.167,-101.41
16/08/2016,1.167,-101.42
17/08/2016,1.167,-101.43
18/08/2016,1.167,-101.44
19/08/2016,1.167,-101.45
20/08/2016,1.167,-101.46
21/08/2016,1.167,-101.47
22/08/2016,1.167,-101.48
23/08/2016,1.167,
24/08/2016,1.167,
25/08/2016,1.167,-101.49
26/08/2016,1.167,-101.5
27/08/2016,1.167,-101.51
28/08/2016,1.167,-101.52
29/08/2016,1.167,-101.53
30/08/2016,1.167,-101.54
31/08/2016,1.167,-101.57
1/9/2016,3.581,-101.58
2/9/2016,3.581,-101.59
3/9/2016,3.581,-101.6
4/9/2016,3.581,-101.61
5/9/2016,3.581,-101.62
6/9/2016,3.581,-101.63
7/9/2016,3.581,-101.64
8/9/2016,3.581,-101.65
9/9/2016,3.581,-101.66
10/9/2016,3.581,-101.67
11/9/2016,3.581,-101.68
12/9/2016,3.581,-101.69
13/09/2016,3.581,-101.7
14/09/2016,3.581,-101.71
15/09/2016,3.581,-101.72
16/09/2016,3.581,-101.73
17/09/2016,3.581,-101.74
18/09/2016,3.581,-101.75
19/09/2016,3.581,-101.76
20/09/2016,3.581,-101.77
21/09/2016,3.581,-101.78
22/09/2016,3.581,-101.79
23/09/2016,3.581,-101.8
24/09/2016,3.581,-101.81
25/09/2016,3.581,-101.82
26/09/2016,3.581,-101.83
27/09/2016,3.581,-101.84
28/09/2016,3.581,-101.85
29/09/2016,3.581,-101.86
30/09/2016,3.581,-101.87
1/10/2016,4.03,-101.88
2/10/2016,4.03,-101.89
3/10/2016,4.03,-101.9
4/10/2016,4.03,-101.91
5/10/2016,4.03,-101.92
6/10/2016,4.03,-101.93
7/10/2016,4.03,-101.94
8/10/2016,4.03,-101.95
9/10/2016,4.03,-101.96
10/10/2016,4.03,-101.97
11/10/2016,4.03,-101.98
12/10/2016,4.03,-101.99
13/10/2016,4.03,-102
14/10/2016,4.03,
15/10/2016,4.03,
16/10/2016,4.03,-102.01
17/10/2016,4.03,-102.02
18/10/2016,4.03,-102.03
19/10/2016,4.03,-102.04
20/10/2016,4.03,-102.07
21/10/2016,4.03,-102.08
22/10/2016,4.03,-102.09
23/10/2016,4.03,-102.1
24/10/2016,4.03,-102.11
25/10/2016,4.03,-102.12
26/10/2016,4.03,-102.13
27/10/2016,4.03,-102.14
28/10/2016,4.03,-102.15
29/10/2016,4.03,-102.16
30/10/2016,4.03,-102.17
31/10/2016,4.03,-102.18
1/11/2016,2.913,-102.19
2/11/2016,2.913,-102.2
3/11/2016,2.913,-102.21
4/11/2016,2.913,-102.22
5/11/2016,2.913,-102.23
6/11/2016,2.913,-102.24
7/11/2016,2.913,-102.25
8/11/2016,2.913,-102.26
9/11/2016,2.913,-102.27
10/11/2016,2.913,-102.28
11/11/2016,2.913,-102.29
12/11/2016,2.913,-102.3
13/11/2016,2.913,-102.31
14/11/2016,2.913,-102.32
15/11/2016,2.913,-102.33
16/11/2016,2.913,-102.34
17/11/2016,2.913,-102.35
18/11/2016,2.913,-102.36
19/11/2016,2.913,-102.37
20/11/2016,2.913,-102.38
21/11/2016,2.913,-102.39
22/11/2016,2.913,-102.4
23/11/2016,2.913,-102.41
24/11/2016,2.913,-102.42
25/11/2016,2.913,-102.43
26/11/2016,2.913,-102.44
27/11/2016,2.913,-102.45
28/11/2016,2.913,-102.46
29/11/2016,2.913,-102.47
30/11/2016,2.913,-102.48
1/12/2016,0.566,-102.49
2/12/2016,0.566,-102.5
3/12/2016,0.566,-102.51
4/12/2016,0.566,-102.52
5/12/2016,0.566,
6/12/2016,0.566,
7/12/2016,0.566,-102.53
8/12/2016,0.566,-102.54
9/12/2016,0.566,-102.57
10/12/2016,0.566,-102.58
11/12/2016,0.566,-102.59
12/12/2016,0.566,-102.6
13/12/2016,0.566,-102.61
14/12/2016,0.566,-102.62
15/12/2016,0.566,-102.63
16/12/2016,0.566,-102.64
17/12/2016,0.566,-102.65
18/12/2016,0.566,-102.66
19/12/2016,0.566,-102.67
20/12/2016,0.566,-102.68
21/12/2016,0.566,-102.69
22/12/2016,0.566,-102.7
23/12/2016,0.566,-102.71
24/12/2016,0.566,-102.72
25/12/2016,0.566,-102.73
26/12/2016,0.566,-102.74
27/12/2016,0.566,-102.75
28/12/2016,0.566,-102.76
29/12/2016,0.566,-102.77
30/12/2016,0.566,-102.78
31/12/2016,0.566,-102.79
1/1/2017,1.402,-102.8
2/1/2017,1.402,-102.81
3/1/2017,1.402,-102.82
4/1/2017,1.402,-102.83
5/1/2017,1.402,-102.84
6/1/2017,1.402,-102.85
7/1/2017,1.402,-102.86
8/1/2017,1.402,-102.87
9/1/2017,1.402,-102.88
10/1/2017,1.402,-102.89
11/1/2017,1.402,-102.9
12/1/2017,1.402,-102.91
13/01/2017,1.402,-102.92
14/01/2017,1.402,-102.93
15/01/2017,1.402,-102.94
16/01/2017,1.402,-102.95
17/01/2017,1.402,-102.96
18/01/2017,1.402,-102.97
19/01/2017,1.402,-102.98
20/01/2017,1.402,-102.99
21/01/2017,1.402,-103
22/01/2017,1.402,-103.01
23/01/2017,1.402,-103.02
24/01/2017,1.402,-103.03
25/01/2017,1.402,-103.04
26/01/2017,1.402,
27/01/2017,1.402,
28/01/2017,1.402,-103.07
29/01/2017,1.402,-103.08
30/01/2017,1.402,-103.09
31/01/2017,1.402,-103.1
1/2/2017,1.733,-103.11
2/2/2017,1.733,-103.12
3/2/2017,1.733,-103.13
4/2/2017,1.733,-103.14
5/2/2017,1.733,-103.15
6/2/2017,1.733,-103.16
7/2/2017,1.733,-103.17
8/2/2017,1.733,-103.18
9/2/2017,1.733,-103.19
10/2/2017,1.733,-103.2
11/2/2017,1.733,-103.21
12/2/2017,1.733,-103.22
13/02/2017,1.733,-103.23
14/02/2017,1.733,-103.24
15/02/2017,1.733,-103.25
16/02/2017,1.733,-103.26
17/02/2017,1.733,-103.27
18/02/2017,1.733,-103.28
19/02/2017,1.733,-103.29
20/02/2017,1.733,-103.3
21/02/2017,1.733,-103.31
22/02/2017,1.733,-103.32
23/02/2017,1.733,-103.33
24/02/2017,1.733,-103.34
25/02/2017,1.733,-103.35
26/02/2017,1.733,-103.36
27/02/2017,1.733,-103.37
28/02/2017,1.733,-103.38
1/3/2017,1.429,-103.39
2/3/2017,1.429,-103.4
3/3/2017,1.429,-103.41
4/3/2017,1.429,-103.42
5/3/2017,1.429,-103.43
6/3/2017,1.429,-103.44
7/3/2017,1.429,-103.45
8/3/2017,1.429,-103.46
9/3/2017,1.429,-103.47
10/3/2017,1.429,-103.48
11/3/2017,1.429,-103.49
12/3/2017,1.429,-103.5
13/03/2017,1.429,-103.51
14/03/2017,1.429,-103.52
15/03/2017,1.429,-103.53
16/03/2017,1.429,-103.54
17/03/2017,1.429,-103.55
18/03/2017,1.429,-103.56
19/03/2017,1.429,-103.57
20/03/2017,1.429,-103.58
21/03/2017,1.429,-103.59
22/03/2017,1.429,-103.6
23/03/2017,1.429,-103.61
24/03/2017,1.429,-103.62
25/03/2017,1.429,-103.63
26/03/2017,1.429,-103.64
27/03/2017,1.429,-103.65
28/03/2017,1.429,-103.66
29/03/2017,1.429,-103.67
30/03/2017,1.429,-103.68
31/03/2017,1.429,-103.69
1/4/2017,1.668,-103.7
2/4/2017,1.668,-103.71
3/4/2017,1.668,-103.72
4/4/2017,1.668,-103.73
5/4/2017,1.668,-103.74
6/4/2017,1.668,-103.75
7/4/2017,1.668,-103.76
8/4/2017,1.668,-103.77
9/4/2017,1.668,-103.78
10/4/2017,1.668,-103.79
11/4/2017,1.668,-103.8
12/4/2017,1.668,-103.81
13/04/2017,1.668,-103.82
14/04/2017,1.668,-103.83
15/04/2017,1.668,-103.84
16/04/2017,1.668,-103.85
17/04/2017,1.668,-103.86
18/04/2017,1.668,-103.87
19/04/2017,1.668,-103.88
20/04/2017,1.668,-103.89
21/04/2017,1.668,-103.9
22/04/2017,1.668,-103.91
23/04/2017,1.668,-103.92
24/04/2017,1.668,-103.93
25/04/2017,1.668,-103.94
26/04/2017,1.668,-103.95
27/04/2017,1.668,-103.96
28/04/2017,1.668,-103.97
29/04/2017,1.668,-103.98
30/04/2017,1.668,-103.99
1/5/2017,1.377,-104
2/5/2017,1.377,-104.01
3/5/2017,1.377,-104.02
4/5/2017,1.377,-104.03
5/5/2017,1.377,-104.04
6/5/2017,1.377,-104.05
7/5/2017,1.377,-104.06
8/5/2017,1.377,
9/5/2017,1.377,
10/5/2017,1.377,-104.09
11/5/2017,1.377,-104.1
12/5/2017,1.377,-104.11
13/05/2017,1.377,-104.12
14/05/2017,1.377,-104.13
15/05/2017,1.377,-104.14
16/05/2017,1.377,-104.15
17/05/2017,1.377,-104.16
18/05/2017,1.377,-104.17
19/05/2017,1.377,-104.18
20/05/2017,1.377,-104.19
21/05/2017,1.377,-104.2
22/05/2017,1.377,-104.21
23/05/2017,1.377,-104.22
24/05/2017,1.377,-104.23
25/05/2017,1.377,-104.24
26/05/2017,1.377,-104.25
27/05/2017,1.377,-104.26
28/05/2017,1.377,-104.27
29/05/2017,1.377,-104.28
30/05/2017,1.377,-104.29
31/05/2017,1.377,-104.3
1/6/2017,0.867,-104.31
2/6/2017,0.867,-104.32
3/6/2017,0.867,-104.33
4/6/2017,0.867,-104.34
5/6/2017,0.867,-104.35
6/6/2017,0.867,-104.36
7/6/2017,0.867,-104.37
8/6/2017,0.867,-104.38
9/6/2017,0.867,-104.39
10/6/2017,0.867,-104.4
11/6/2017,0.867,-104.41
12/6/2017,0.867,-104.42
13/06/2017,0.867,-104.43
14/06/2017,0.867,-104.44
15/06/2017,0.867,-104.45
16/06/2017,0.867,-104.46
17/06/2017,0.867,-104.47
18/06/2017,0.867,-104.48
19/06/2017,0.867,-104.49
20/06/2017,0.867,-104.5
21/06/2017,0.867,-104.51
22/06/2017,0.867,-104.52
23/06/2017,0.867,-104.53
24/06/2017,0.867,-104.54
25/06/2017,0.867,-104.55
26/06/2017,0.867,-104.56
27/06/2017,0.867,-104.59
28/06/2017,0.867,-104.6
29/06/2017,0.867,
30/06/2017,0.867,
1/7/2017,0.721,-104.61
2/7/2017,0.721,-104.62
3/7/2017,0.721,-104.63
4/7/2017,0.721,-104.64
5/7/2017,0.721,-104.65
6/7/2017,0.721,-104.66
7/7/2017,0.721,-104.67
8/7/2017,0.721,-104.68
9/7/2017,0.721,-104.69
10/7/2017,0.721,-104.7
11/7/2017,0.721,-104.71
12/7/2017,0.721,-104.72
13/07/2017,0.721,-104.73
14/07/2017,0.721,-104.74
15/07/2017,0.721,-104.75
16/07/2017,0.721,-104.76
17/07/2017,0.721,-104.77
18/07/2017,0.721,-104.78
19/07/2017,0.721,-104.79
20/07/2017,0.721,-104.8
21/07/2017,0.721,-104.81
22/07/2017,0.721,-104.82
23/07/2017,0.721,-104.83
24/07/2017,0.721,-104.84
25/07/2017,0.721,-104.85
26/07/2017,0.721,-104.86
27/07/2017,0.721,-104.87
28/07/2017,0.721,-104.88
29/07/2017,0.721,-104.89
30/07/2017,0.721,-104.9
31/07/2017,0.721,-104.91
1/8/2017,0.388,-104.92
2/8/2017,0.388,-104.93
3/8/2017,0.388,-104.94
4/8/2017,0.388,-104.95
5/8/2017,0.388,-104.96
6/8/2017,0.388,-104.97
7/8/2017,0.388,-104.98
8/8/2017,0.388,-104.99
9/8/2017,0.388,-105
10/8/2017,0.388,-105.01
11/8/2017,0.388,-105.02
12/8/2017,0.388,-105.03
13/08/2017,0.388,-105.04
14/08/2017,0.388,-105.05
15/08/2017,0.388,-105.06
16/08/2017,0.388,-105.09
17/08/2017,0.388,-105.1
18/08/2017,0.388,-105.11
19/08/2017,0.388,-105.12
20/08/2017,0.388,
21/08/2017,0.388,
22/08/2017,0.388,-105.13
23/08/2017,0.388,-105.14
24/08/2017,0.388,-105.15
25/08/2017,0.388,-105.16
26/08/2017,0.388,-105.17
27/08/2017,0.388,-105.18
28/08/2017,0.388,-105.19
29/08/2017,0.388,-105.2
30/08/2017,0.388,-105.21
31/08/2017,0.388,-105.22
1/9/2017,3.858,-105.23
2/9/2017,3.858,-105.24
3/9/2017,3.858,-105.25
4/9/2017,3.858,-105.26
5/9/2017,3.858,-105.27
6/9/2017,3.858,-105.28
7/9/2017,3.858,-105.29
8/9/2017,3.858,-105.3
9/9/2017,3.858,-105.31
10/9/2017,3.858,-105.32
11/9/2017,3.858,-105.33
12/9/2017,3.858,-105.34
13/09/2017,3.858,-105.35
14/09/2017,3.858,-105.36
15/09/2017,3.858,-105.37
16/09/2017,3.858,-105.38
17/09/2017,3.858,-105.39
18/09/2017,3.858,-105.4
19/09/2017,3.858,-105.41
20/09/2017,3.858,-105.42
21/09/2017,3.858,-105.43
22/09/2017,3.858,-105.44
23/09/2017,3.858,-105.45
24/09/2017,3.858,-105.46
25/09/2017,3.858,-105.47
26/09/2017,3.858,-105.48
27/09/2017,3.858,-105.49
28/09/2017,3.858,-105.5
29/09/2017,3.858,-105.51
30/09/2017,3.858,-105.52
1/10/2017,0.691,-105.53
2/10/2017,0.691,-105.54
3/10/2017,0.691,-105.55
4/10/2017,0.691,-105.56
5/10/2017,0.691,-105.59
6/10/2017,0.691,-105.6
7/10/2017,0.691,-105.61
8/10/2017,0.691,-105.62
9/10/2017,0.691,-105.63
10/10/2017,0.691,-105.64
11/10/2017,0.691,
12/10/2017,0.691,
13/10/2017,0.691,-105.65
14/10/2017,0.691,-105.66
15/10/2017,0.691,-105.67
16/10/2017,0.691,-105.68
17/10/2017,0.691,-105.69
18/10/2017,0.691,-105.7
19/10/2017,0.691,-105.71
20/10/2017,0.691,-105.72
21/10/2017,0.691,-105.73
22/10/2017,0.691,-105.74
23/10/2017,0.691,-105.75
24/10/2017,0.691,-105.76
25/10/2017,0.691,-105.77
26/10/2017,0.691,-105.78
27/10/2017,0.691,-105.79
28/10/2017,0.691,-105.8
29/10/2017,0.691,-105.81
30/10/2017,0.691,-105.82
31/10/2017,0.691,-105.83
1/11/2017,3.571,-105.84
2/11/2017,3.571,-105.85
3/11/2017,3.571,-105.86
4/11/2017,3.571,-105.87
5/11/2017,3.571,-105.88
6/11/2017,3.571,-105.89
7/11/2017,3.571,-105.9
8/11/2017,3.571,-105.91
9/11/2017,3.571,-105.92
10/11/2017,3.571,-105.93
11/11/2017,3.571,-105.94
12/11/2017,3.571,-105.95
13/11/2017,3.571,-105.96
14/11/2017,3.571,-105.97
15/11/2017,3.571,-105.98
16/11/2017,3.571,-105.99
17/11/2017,3.571,-106
18/11/2017,3.571,-106.01
19/11/2017,3.571,-106.02
20/11/2017,3.571,-106.03
21/11/2017,3.571,-106.04
22/11/2017,3.571,-106.05
23/11/2017,3.571,-106.06
24/11/2017,3.571,-106.09
25/11/2017,3.571,-106.1
26/11/2017,3.571,-106.11
27/11/2017,3.571,-106.12
28/11/2017,3.571,-106.13
29/11/2017,3.571,-106.14
30/11/2017,3.571,-106.15
1/12/2017,2.569,-106.16
2/12/2017,2.569,
3/12/2017,2.569,
4/12/2017,2.569,-106.17
5/12/2017,2.569,-106.18
6/12/2017,2.569,-106.19
7/12/2017,2.569,-106.2
8/12/2017,2.569,-106.21
9/12/2017,2.569,-106.22
10/12/2017,2.569,-106.23
11/12/2017,2.569,-106.24
12/12/2017,2.569,-106.25
13/12/2017,2.569,-106.26
14/12/2017,2.569,-106.27
15/12/2017,2.569,-106.28
16/12/2017,2.569,-106.29
17/12/2017,2.569,-106.3
18/12/2017,2.569,-106.31
19/12/2017,2.569,-106.32
20/12/2017,2.569,-106.33
21/12/2017,2.569,-106.34
22/12/2017,2.569,-106.35
23/12/2017,2.569,-106.36
24/12/2017,2.569,-106.37
25/12/2017,2.569,-106.38
26/12/2017,2.569,-106.39
27/12/2017,2.569,-106.4
28/12/2017,2.569,-106.41
29/12/2017,2.569,-106.42
30/12/2017,2.569,-106.43
31/12/2017,2.569,-106.44
1/1/2018,1.315,-106.45
2/1/2018,1.315,-106.46
3/1/2018,1.315,-106.47
4/1/2018,1.315,-106.48
5/1/2018,1.315,-106.49
6/1/2018,1.315,-106.5
7/1/2018,1.315,-106.51
8/1/2018,1.315,-106.52
9/1/2018,1.315,-106.53
10/1/2018,1.315,-106.54
11/1/2018,1.315,-106.55
12/1/2018,1.315,-106.56
13/01/2018,1.315,-106.59
14/01/2018,1.315,-106.6
15/01/2018,1.315,-106.61
16/01/2018,1.315,-106.62
17/01/2018,1.315,-106.63
18/01/2018,1.315,-106.64
19/01/2018,1.315,-106.65
20/01/2018,1.315,-106.66
21/01/2018,1.315,-106.67
22/01/2018,1.315,-106.68
23/01/2018,1.315,
24/01/2018,1.315,
25/01/2018,1.315,-106.69
26/01/2018,1.315,-106.7
27/01/2018,1.315,-106.71
28/01/2018,1.315,-106.72
29/01/2018,1.315,-106.73
30/01/2018,1.315,-106.74
31/01/2018,1.315,-106.75
1/2/2018,2.927,-106.76
2/2/2018,2.927,-106.77
3/2/2018,2.927,-106.78
4/2/2018,2.927,-106.79
5/2/2018,2.927,-106.8
6/2/2018,2.927,-106.81
7/2/2018,2.927,-106.82
8/2/2018,2.927,-106.83
9/2/2018,2.927,-106.84
10/2/2018,2.927,-106.85
11/2/2018,2.927,-106.86
12/2/2018,2.927,-106.87
13/02/2018,2.927,-106.88
14/02/2018,2.927,-106.89
15/02/2018,2.927,-106.9
16/02/2018,2.927,-106.91
17/02/2018,2.927,-106.92
18/02/2018,2.927,-106.93
19/02/2018,2.927,-106.94
20/02/2018,2.927,-106.95
21/02/2018,2.927,-106.96
22/02/2018,2.927,-106.97
23/02/2018,2.927,-106.98
24/02/2018,2.927,-106.99
25/02/2018,2.927,-107
26/02/2018,2.927,-107.01
27/02/2018,2.927,-107.02
28/02/2018,2.927,-107.03
1/3/2018,4.318,-107.04
2/3/2018,4.318,-107.05
3/3/2018,4.318,-107.06
4/3/2018,4.318,-107.09
5/3/2018,4.318,-107.1
6/3/2018,4.318,-107.11
7/3/2018,4.318,-107.12
8/3/2018,4.318,-107.13
9/3/2018,4.318,-107.14
10/3/2018,4.318,-107.15
11/3/2018,4.318,-107.16
12/3/2018,4.318,-107.17
13/03/2018,4.318,-107.18
14/03/2018,4.318,-107.19
15/03/2018,4.318,-107.2
16/03/2018,4.318,
17/03/2018,4.318,
18/03/2018,4.318,-107.21
19/03/2018,4.318,-107.22
20/03/2018,4.318,-107.23
21/03/2018,4.318,-107.24
22/03/2018,4.318,-107.25
23/03/2018,4.318,-107.26
24/03/2018,4.318,-107.27
25/03/2018,4.318,-107.28
26/03/2018,4.318,-107.29
27/03/2018,4.318,-107.3
28/03/2018,4.318,-107.31
29/03/2018,4.318,-107.32
30/03/2018,4.318,-107.33
31/03/2018,4.318,-107.34
1/4/2018,1.797,-107.35
2/4/2018,1.797,-107.36
3/4/2018,1.797,-107.37
4/4/2018,1.797,-107.38
5/4/2018,1.797,-107.39
6/4/2018,1.797,-107.4
7/4/2018,1.797,-107.41
8/4/2018,1.797,-107.42
9/4/2018,1.797,-107.43
10/4/2018,1.797,-107.44
11/4/2018,1.797,-107.45
12/4/2018,1.797,-107.46
13/04/2018,1.797,-107.47
14/04/2018,1.797,-107.48
15/04/2018,1.797,-107.49
16/04/2018,1.797,-107.5
17/04/2018,1.797,-107.51
18/04/2018,1.797,-107.52
19/04/2018,1.797,-107.53
20/04/2018,1.797,-107.54
21/04/2018,1.797,-107.55
22/04/2018,1.797,-107.56
23/04/2018,1.797,-107.59
24/04/2018,1.797,-107.6
25/04/2018,1.797,-107.61
26/04/2018,1.797,-107.62
27/04/2018,1.797,-107.63
28/04/2018,1.797,-107.64
29/04/2018,1.797,-107.65
30/04/2018,1.797,-107.66
1/5/2018,3.803,-107.67
2/5/2018,3.803,-107.68
3/5/2018,3.803,-107.69
4/5/2018,3.803,-107.7
5/5/2018,3.803,-107.71
6/5/2018,3.803,-107.72
7/5/2018,3.803,
8/5/2018,3.803,
9/5/2018,3.803,-107.73
10/5/2018,3.803,-107.74
11/5/2018,3.803,-107.75
12/5/2018,3.803,-107.76
13/05/2018,3.803,-107.77
14/05/2018,3.803,-107.78
15/05/2018,3.803,-107.79
16/05/2018,3.803,-107.8
17/05/2018,3.803,-107.81
18/05/2018,3.803,-107.82
19/05/2018,3.803,-107.83
20/05/2018,3.803,-107.84
21/05/2018,3.803,-107.85
22/05/2018,3.803,-107.86
23/05/2018,3.803,-107.87
24/05/2018,3.803,-107.88
25/05/2018,3.803,-107.89
26/05/2018,3.803,-107.9
27/05/2018,3.803,-107.91
28/05/2018,3.803,-107.92
29/05/2018,3.803,-107.93
30/05/2018,3.803,-107.94
31/05/2018,3.803,-107.95
1/6/2018,1.143,-107.96
2/6/2018,1.143,-107.97
3/6/2018,1.143,-107.98
4/6/2018,1.143,-107.99
5/6/2018,1.143,-108
6/6/2018,1.143,-108.01
7/6/2018,1.143,-108.02
8/6/2018,1.143,-108.03
9/6/2018,1.143,-108.04
10/6/2018,1.143,-108.05
11/6/2018,1.143,-108.06
12/6/2018,1.143,-108.09
13/06/2018,1.143,-108.1
14/06/2018,1.143,-108.11
15/06/2018,1.143,-108.12
16/06/2018,1.143,-108.13
17/06/2018,1.143,-108.14
18/06/2018,1.143,-108.15
19/06/2018,1.143,-108.16
20/06/2018,1.143,-108.17
21/06/2018,1.143,-108.18
22/06/2018,1.143,-108.19
23/06/2018,1.143,-108.2
24/06/2018,1.143,-108.21
25/06/2018,1.143,-108.22
26/06/2018,1.143,-108.23
27/06/2018,1.143,-108.24
28/06/2018,1.143,
29/06/2018,1.143,
30/06/2018,1.143,-108.25
1/7/2018,0.466,-108.26
2/7/2018,0.466,-108.27
3/7/2018,0.466,-108.28
4/7/2018,0.466,-108.29
5/7/2018,0.466,-108.3
6/7/2018,0.466,-108.31
7/7/2018,0.466,-108.32
8/7/2018,0.466,-108.33
9/7/2018,0.466,-108.34
10/7/2018,0.466,-108.35
11/7/2018,0.466,-108.36
12/7/2018,0.466,-108.37
13/07/2018,0.466,-108.38
14/07/2018,0.466,-108.39
15/07/2018,0.466,-108.4
16/07/2018,0.466,-108.41
17/07/2018,0.466,-108.42
18/07/2018,0.466,-108.43
19/07/2018,0.466,-108.44
20/07/2018,0.466,-108.45
21/07/2018,0.466,-108.46
22/07/2018,0.466,-108.47
23/07/2018,0.466,-108.48
24/07/2018,0.466,-108.49
25/07/2018,0.466,-108.5
26/07/2018,0.466,-108.51
27/07/2018,0.466,-108.52
28/07/2018,0.466,-108.53
29/07/2018,0.466,-108.54
30/07/2018,0.466,-108.55
31/07/2018,0.466,-108.56
1/8/2018,3.005,-108.59
2/8/2018,3.005,-108.6
3/8/2018,3.005,-108.61
4/8/2018,3.005,-108.62
5/8/2018,3.005,-108.63
6/8/2018,3.005,-108.64
7/8/2018,3.005,-108.65
8/8/2018,3.005,-108.66
9/8/2018,3.005,-108.67
10/8/2018,3.005,-108.68
11/8/2018,3.005,-108.69
12/8/2018,3.005,-108.7
13/08/2018,3.005,-108.71
14/08/2018,3.005,-108.72
15/08/2018,3.005,-108.73
16/08/2018,3.005,-108.74
17/08/2018,3.005,-108.75
18/08/2018,3.005,-108.76
19/08/2018,3.005,
20/08/2018,3.005,
21/08/2018,3.005,-108.77
22/08/2018,3.005,-108.78
23/08/2018,3.005,-108.79
24/08/2018,3.005,-108.8
25/08/2018,3.005,-108.81
26/08/2018,3.005,-108.82
27/08/2018,3.005,-108.83
28/08/2018,3.005,-108.84
29/08/2018,3.005,-108.85
30/08/2018,3.005,-108.86
31/08/2018,3.005,-108.87
1/9/2018,1.454,-108.88
2/9/2018,1.454,-108.89
3/9/2018,1.454,-108.9
4/9/2018,1.454,-108.91
5/9/2018,1.454,-108.92
6/9/2018,1.454,-108.93
7/9/2018,1.454,-108.94
8/9/2018,1.454,-108.95
9/9/2018,1.454,-108.96
10/9/2018,1.454,-108.97
11/9/2018,1.454,-108.98
12/9/2018,1.454,-108.99
13/09/2018,1.454,-109
14/09/2018,1.454,-109.01
15/09/2018,1.454,-109.02
16/09/2018,1.454,-109.03
17/09/2018,1.454,-109.04
18/09/2018,1.454,-109.05
19/09/2018,1.454,-109.06
20/09/2018,1.454,-109.09
21/09/2018,1.454,-109.1
22/09/2018,1.454,-109.11
23/09/2018,1.454,-109.12
24/09/2018,1.454,-109.13
25/09/2018,1.454,-109.14
26/09/2018,1.454,-109.15
27/09/2018,1.454,-109.16
28/09/2018,1.454,-109.17
29/09/2018,1.454,-109.18
30/09/2018,1.454,-109.19
1/10/2018,2.902,-109.2
2/10/2018,2.902,-109.21
3/10/2018,2.902,-109.22
4/10/2018,2.902,-109.23
5/10/2018,2.902,-109.24
6/10/2018,2.902,-109.25
7/10/2018,2.902,-109.26
8/10/2018,2.902,-109.27
9/10/2018,2.902,-109.28
10/10/2018,2.902,
11/10/2018,2.902,
12/10/2018,2.902,-109.29
13/10/2018,2.902,-109.3
14/10/2018,2.902,-109.31
15/10/2018,2.902,-109.32
16/10/2018,2.902,-109.33
17/10/2018,2.902,-109.34
18/10/2018,2.902,-109.35
19/10/2018,2.902,-109.36
20/10/2018,2.902,-109.37
21/10/2018,2.902,-109.38
22/10/2018,2.902,-109.39
23/10/2018,2.902,-109.4
24/10/2018,2.902,-109.41
25/10/2018,2.902,-109.42
26/10/2018,2.902,-109.43
27/10/2018,2.902,-109.44
28/10/2018,2.902,-109.45
29/10/2018,2.902,-109.46
30/10/2018,2.902,-109.47
31/10/2018,2.902,-109.48
1/11/2018,5.376,-109.49
2/11/2018,5.376,-109.5
3/11/2018,5.376,-109.51
4/11/2018,5.376,-109.52
5/11/2018,5.376,-109.53
6/11/2018,5.376,-109.54
7/11/2018,5.376,-109.55
8/11/2018,5.376,-109.56
9/11/2018,5.376,-109.59
10/11/2018,5.376,-109.6
11/11/2018,5.376,-109.61
12/11/2018,5.376,-109.62
13/11/2018,5.376,-109.63
14/11/2018,5.376,-109.64
15/11/2018,5.376,-109.65
16/11/2018,5.376,-109.66
17/11/2018,5.376,-109.67
18/11/2018,5.376,-109.68
19/11/2018,5.376,-109.69
20/11/2018,5.376,-109.7
21/11/2018,5.376,-109.71
22/11/2018,5.376,-109.72
23/11/2018,5.376,-109.73
24/11/2018,5.376,-109.74
25/11/2018,5.376,-109.75
26/11/2018,5.376,-109.76
27/11/2018,5.376,-109.77
28/11/2018,5.376,-109.78
29/11/2018,5.376,-109.79
30/11/2018,5.376,-109.8
1/12/2018,1.824,
2/12/2018,1.824,
3/12/2018,1.824,-109.81
4/12/2018,1.824,-109.82
5/12/2018,1.824,-109.83
6/12/2018,1.824,-109.84
7/12/2018,1.824,-109.85
8/12/2018,1.824,-109.86
9/12/2018,1.824,-109.87
10/12/2018,1.824,-109.88
11/12/2018,1.824,-109.89
12/12/2018,1.824,-109.9
13/12/2018,1.824,-109.91
14/12/2018,1.824,-109.92
15/12/2018,1.824,-109.93
16/12/2018,1.824,-109.94
17/12/2018,1.824,-109.95
18/12/2018,1.824,-109.96
19/12/2018,1.824,-109.97
20/12/2018,1.824,-109.98
21/12/2018,1.824,-109.99
22/12/2018,1.824,-110
23/12/2018,1.824,-110.01
24/12/2018,1.824,-110.02
25/12/2018,1.824,-110.03
26/12/2018,1.824,-110.04
27/12/2018,1.824,-110.05
28/12/2018,1.824,-110.06
29/12/2018,1.824,-110.09
30/12/2018,1.824,-110.1
31/12/2018,1.824,-110.11
1/1/2019,2.242,-110.12
2/1/2019,2.242,-110.13
3/1/2019,2.242,-110.14
4/1/2019,2.242,-110.15
5/1/2019,2.242,-110.16
6/1/2019,2.242,-110.17
7/1/2019,2.242,-110.18
8/1/2019,2.242,-110.19
9/1/2019,2.242,-110.2
10/1/2019,2.242,-110.21
11/1/2019,2.242,-110.22
12/1/2019,2.242,-110.23
13/01/2019,2.242,-110.24
14/01/2019,2.242,-110.25
15/01/2019,2.242,-110.26
16/01/2019,2.242,-110.27
17/01/2019,2.242,-110.28
18/01/2019,2.242,-110.29
19/01/2019,2.242,-110.3
20/01/2019,2.242,-110.31
21/01/2019,2.242,-110.32
22/01/2019,2.242,
23/01/2019,2.242,
24/01/2019,2.242,-110.33
25/01/2019,2.242,-110.34
26/01/2019,2.242,-110.35
27/01/2019,2.242,-110.36
28/01/2019,2.242,-110.37
29/01/2019,2.242,-110.38
30/01/2019,2.242,-110.39
31/01/2019,2.242,-110.4
1/2/2019,1.822,-110.41
2/2/2019,1.822,-110.42
3/2/2019,1.822,-110.43
4/2/2019,1.822,-110.44
5/2/2019,1.822,-110.45
6/2/2019,1.822,-110.46
7/2/2019,1.822,-110.47
8/2/2019,1.822,-110.48
9/2/2019,1.822,-110.49
10/2/2019,1.822,-110.5
11/2/2019,1.822,-110.51
12/2/2019,1.822,-110.52
13/02/2019,1.822,-110.53
14/02/2019,1.822,-110.54
15/02/2019,1.822,-110.55
16/02/2019,1.822,-110.56
17/02/2019,1.822,-110.59
18/02/2019,1.822,-110.6
19/02/2019,1.822,-110.61
20/02/2019,1.822,-110.62
21/02/2019,1.822,-110.63
22/02/2019,1.822,-110.64
23/02/2019,1.822,-110.65
24/02/2019,1.822,-110.66
25/02/2019,1.822,-110.67
26/02/2019,1.822,-110.68
27/02/2019,1.822,-110.69
28/02/2019,1.822,-110.7
1/3/2019,1.041,-110.71
2/3/2019,1.041,-110.72
3/3/2019,1.041,-110.73
4/3/2019,1.041,-110.74
5/3/2019,1.041,-110.75
6/3/2019,1.041,-110.76
7/3/2019,1.041,-110.77
8/3/2019,1.041,-110.78
9/3/2019,1.041,-110.79
10/3/2019,1.041,-110.8
11/3/2019,1.041,-110.81
12/3/2019,1.041,-110.82
13/03/2019,1.041,-110.83
14/03/2019,1.041,-110.84
15/03/2019,1.041,
16/03/2019,1.041,
17/03/2019,1.041,-110.85
18/03/2019,1.041,-110.86
19/03/2019,1.041,-110.87
20/03/2019,1.041,-110.88
21/03/2019,1.041,-110.89
22/03/2019,1.041,-110.9
23/03/2019,1.041,-110.91
24/03/2019,1.041,-110.92
25/03/2019,1.041,-110.93
26/03/2019,1.041,-110.94
27/03/2019,1.041,-110.95
28/03/2019,1.041,-110.96
29/03/2019,1.041,-110.97
30/03/2019,1.041,-110.98
31/03/2019,1.041,-110.99
1/4/2019,2.611,-111
2/4/2019,2.611,-111.01
3/4/2019,2.611,-111.02
4/4/2019,2.611,-111.03
5/4/2019,2.611,-111.04
6/4/2019,2.611,-111.05
7/4/2019,2.611,-111.06
8/4/2019,2.611,-111.09
9/4/2019,2.611,-111.1
10/4/2019,2.611,-111.11
11/4/2019,2.611,-111.12
12/4/2019,2.611,-111.13
13/04/2019,2.611,-111.14
14/04/2019,2.611,-111.15
15/04/2019,2.611,-111.16
16/04/2019,2.611,-111.17
17/04/2019,2.611,-111.18
18/04/2019,2.611,-111.19
19/04/2019,2.611,-111.2
20/04/2019,2.611,-111.21
21/04/2019,2.611,-111.22
22/04/2019,2.611,-111.23
23/04/2019,2.611,-111.24
24/04/2019,2.611,-111.25
25/04/2019,2.611,-111.26
26/04/2019,2.611,-111.27
27/04/2019,2.611,-111.28
28/04/2019,2.611,-111.29
29/04/2019,2.611,-111.3
30/04/2019,2.611,-111.31
1/5/2019,3.544,-111.32
2/5/2019,3.544,-111.33
3/5/2019,3.544,-111.34
4/5/2019,3.544,-111.35
5/5/2019,3.544,-111.36
6/5/2019,3.544,
7/5/2019,3.544,
8/5/2019,3.544,-111.37
9/5/2019,3.544,-111.38
10/5/2019,3.544,-111.39
11/5/2019,3.544,-111.4
12/5/2019,3.544,-111.41
13/05/2019,3.544,-111.42
14/05/2019,3.544,-111.43
15/05/2019,3.544,-111.44
16/05/2019,3.544,-111.45
17/05/2019,3.544,-111.46
18/05/2019,3.544,-111.47
19/05/2019,3.544,-111.48
20/05/2019,3.544,-111.49
21/05/2019,3.544,-111.5
22/05/2019,3.544,-111.51
23/05/2019,3.544,-111.52
24/05/2019,3.544,-111.53
25/05/2019,3.544,-111.54
26/05/2019,3.544,-111.55
27/05/2019,3.544,-111.56
28/05/2019,3.544,-111.59
29/05/2019,3.544,-111.6
30/05/2019,3.544,-111.61
31/05/2019,3.544,-111.62
1/6/2019,0.778,-111.63
2/6/2019,0.778,-111.64
3/6/2019,0.778,-111.65
4/6/2019,0.778,-111.66
5/6/2019,0.778,-111.67
6/6/2019,0.778,-111.68
7/6/2019,0.778,-111.69
8/6/2019,0.778,-111.7
9/6/2019,0.778,-111.71
10/6/2019,0.778,-111.72
11/6/2019,0.778,-111.73
12/6/2019,0.778,-111.74
13/06/2019,0.778,-111.75
14/06/2019,0.778,-111.76
15/06/2019,0.778,-111.77
16/06/2019,0.778,-111.78
17/06/2019,0.778,-111.79
18/06/2019,0.778,-111.8
19/06/2019,0.778,-111.81
20/06/2019,0.778,-111.82
21/06/2019,0.778,-111.83
22/06/2019,0.778,-111.84
23/06/2019,0.778,-111.85
24/06/2019,0.778,-111.86
25/06/2019,0.778,-111.87
26/06/2019,0.778,-111.88
27/06/2019,0.778,
28/06/2019,0.778,
29/06/2019,0.778,-111.89
30/06/2019,0.778,-111.9
1/7/2019,2.402,-111.91
2/7/2019,2.402,-111.92
3/7/2019,2.402,-111.93
4/7/2019,2.402,-111.94
5/7/2019,2.402,-111.95
6/7/2019,2.402,-111.96
7/7/2019,2.402,-111.97
8/7/2019,2.402,-111.98
9/7/2019,2.402,-111.99
10/7/2019,2.402,-112
11/7/2019,2.402,-112.01
12/7/2019,2.402,-112.02
13/07/2019,2.402,-112.03
14/07/2019,2.402,-112.04
15/07/2019,2.402,-112.05
16/07/2019,2.402,-112.06
17/07/2019,2.402,-112.09
18/07/2019,2.402,-112.1
19/07/2019,2.402,-112.11
20/07/2019,2.402,-112.12
21/07/2019,2.402,-112.13
22/07/2019,2.402,-112.14
23/07/2019,2.402,-112.15
24/07/2019,2.402,-112.16
25/07/2019,2.402,-112.17
26/07/2019,2.402,-112.18
27/07/2019,2.402,-112.19
28/07/2019,2.402,-112.2
29/07/2019,2.402,-112.21
30/07/2019,2.402,-112.22
31/07/2019,2.402,-112.23
1/8/2019,0.733,-112.24
2/8/2019,0.733,-112.25
3/8/2019,0.733,-112.26
4/8/2019,0.733,-112.27
5/8/2019,0.733,-112.28
6/8/2019,0.733,-112.29
7/8/2019,0.733,-112.3
8/8/2019,0.733,-112.31
9/8/2019,0.733,-112.32
10/8/2019,0.733,-112.33
11/8/2019,0.733,-112.34
12/8/2019,0.733,-112.35
13/08/2019,0.733,-112.36
14/08/2019,0.733,-112.37
15/08/2019,0.733,-112.38
16/08/2019,0.733,-112.39
17/08/2019,0.733,-112.4
18/08/2019,0.733,
19/08/2019,0.733,
20/08/2019,0.733,-112.41
21/08/2019,0.733,-112.42
22/08/2019,0.733,-112.43
23/08/2019,0.733,-112.44
24/08/2019,0.733,-112.45
25/08/2019,0.733,-112.46
26/08/2019,0.733,-112.47
27/08/2019,0.733,-112.48
28/08/2019,0.733,-112.49
29/08/2019,0.733,-112.5
30/08/2019,0.733,-112.51
31/08/2019,0.733,-112.52
1/9/2019,3,-112.53
2/9/2019,3,-112.54
3/9/2019,3,-112.55
4/9/2019,3,-112.56
5/9/2019,3,-112.59
6/9/2019,3,-112.6
7/9/2019,3,-112.61
8/9/2019,3,-112.62
9/9/2019,3,-112.63
10/9/2019,3,-112.64
11/9/2019,3,-112.65
12/9/2019,3,-112.66
13/09/2019,3,-112.67
14/09/2019,3,-112.68
15/09/2019,3,-112.69
16/09/2019,3,-112.7
17/09/2019,3,-112.71
18/09/2019,3,-112.72
19/09/2019,3,-112.73
20/09/2019,3,-112.74
21/09/2019,3,-112.75
22/09/2019,3,-112.76
23/09/2019,3,-112.77
24/09/2019,3,-112.78
25/09/2019,3,-112.79
26/09/2019,3,-112.8
27/09/2019,3,-112.81
28/09/2019,3,-112.82
29/09/2019,3,-112.83
30/09/2019,3,-112.84
1/10/2019,1.436,-112.85
2/10/2019,1.436,-112.86
3/10/2019,1.436,-112.87
4/10/2019,1.436,-112.88
5/10/2019,1.436,-112.89
6/10/2019,1.436,-112.9
7/10/2019,1.436,-112.91
8/10/2019,1.436,-112.92
9/10/2019,1.436,
10/10/2019,1.436,
11/10/2019,1.436,-112.93
12/10/2019,1.436,-112.94
13/10/2019,1.436,-112.95
14/10/2019,1.436,-112.96
15/10/2019,1.436,-112.97
16/10/2019,1.436,-112.98
17/10/2019,1.436,-112.99
18/10/2019,1.436,-113
19/10/2019,1.436,-113.01
20/10/2019,1.436,-113.02
21/10/2019,1.436,-113.03
22/10/2019,1.436,-113.04
23/10/2019,1.436,-113.05
24/10/2019,1.436,-113.06
25/10/2019,1.436,-113.09
26/10/2019,1.436,-113.1
27/10/2019,1.436,-113.11
28/10/2019,1.436,-113.12
29/10/2019,1.436,-113.13
30/10/2019,1.436,-113.14
31/10/2019,1.436,-113.15
1/11/2019,9.084,-113.16
2/11/2019,9.084,-113.17
3/11/2019,9.084,-113.18
4/11/2019,9.084,-113.19
5/11/2019,9.084,-113.2
6/11/2019,9.084,-113.21
7/11/2019,9.084,-113.22
8/11/2019,9.084,-113.23
9/11/2019,9.084,-113.24
10/11/2019,9.084,-113.25
11/11/2019,9.084,-113.26
12/11/2019,9.084,-113.27
13/11/2019,9.084,-113.28
14/11/2019,9.084,-113.29
15/11/2019,9.084,-113.3
16/11/2019,9.084,-113.31
17/11/2019,9.084,-113.32
18/11/2019,9.084,-113.33
19/11/2019,9.084,-113.34
20/11/2019,9.084,-113.35
21/11/2019,9.084,-113.36
22/11/2019,9.084,-113.37
23/11/2019,9.084,-113.38
24/11/2019,9.084,-113.39
25/11/2019,9.084,-113.4
26/11/2019,9.084,-113.41
27/11/2019,9.084,-113.42
28/11/2019,9.084,-113.43
29/11/2019,9.084,-113.44
30/11/2019,9.084,
1/12/2019,2.6,
2/12/2019,2.6,-113.45
3/12/2019,2.6,-113.46
4/12/2019,2.6,-113.47
5/12/2019,2.6,-113.48
6/12/2019,2.6,-113.49
7/12/2019,2.6,-113.5
8/12/2019,2.6,-113.51
9/12/2019,2.6,-113.52
10/12/2019,2.6,-113.53
11/12/2019,2.6,-113.54
12/12/2019,2.6,-113.55
13/12/2019,2.6,-113.56
14/12/2019,2.6,-113.59
15/12/2019,2.6,-113.6
16/12/2019,2.6,-113.61
17/12/2019,2.6,-113.62
18/12/2019,2.6,-113.63
19/12/2019,2.6,-113.64
20/12/2019,2.6,-113.65
21/12/2019,2.6,-113.66
22/12/2019,2.6,-113.67
23/12/2019,2.6,-113.68
24/12/2019,2.6,-113.69
25/12/2019,2.6,-113.7
26/12/2019,2.6,-113.71
27/12/2019,2.6,-113.72
28/12/2019,2.6,-113.73
29/12/2019,2.6,-113.74
30/12/2019,2.6,-113.75
31/12/2019,2.6,-113.76
1/1/2020,2.2,-113.77
2/1/2020,0.2,-113.78
3/1/2020,0,-113.79
4/1/2020,0,-113.8
5/1/2020,0.2,-113.81
6/1/2020,0,-113.82
7/1/2020,0,-113.83
8/1/2020,0,-113.84
9/1/2020,0.2,-113.85
10/1/2020,0,-113.86
11/1/2020,0,-113.87
12/1/2020,0.2,-113.88
13/01/2020,0.2,-113.89
14/01/2020,0,-113.9
15/01/2020,0.2,-113.91
16/01/2020,0,-113.92
17/01/2020,0.2,-113.93
18/01/2020,7.8,-113.94
19/01/2020,1.6,-113.95
20/01/2020,0,-113.96
21/01/2020,0,-113.96
22/01/2020,0,-113.96
23/01/2020,0.2,-113.97
24/01/2020,0,-113.98
25/01/2020,4.2,-113.99
26/01/2020,0.2,-114
27/01/2020,0.2,-114.01
28/01/2020,2.2,-114.02
29/01/2020,0.2,-114.03
30/01/2020,0.2,-114.04
31/01/2020,0,-114.05
1/2/2020,16.4,-114.06
2/2/2020,2.4,-114.09
3/2/2020,0,-114.1
4/2/2020,3,-114.11
5/2/2020,0.8,-114.12
6/2/2020,0,-114.13
7/2/2020,0,-114.14
8/2/2020,0,-114.15
9/2/2020,0.2,-114.16
10/2/2020,0.4,-114.17
11/2/2020,0,-114.18
12/2/2020,0.2,-114.19
13/02/2020,0,-114.2
14/02/2020,8.2,-114.21
15/02/2020,0,-114.22
16/02/2020,0.2,-114.23
17/02/2020,0,-114.24
18/02/2020,0,-114.25
19/02/2020,4.6,-114.26
20/02/2020,0.2,-106.92
21/02/2020,0,-106.47
22/02/2020,0,-105.96
23/02/2020,0,-105.6
24/02/2020,0,-105.29
25/02/2020,0,-104.93
26/02/2020,5,-104.82
27/02/2020,4.8,-104.49
28/02/2020,6.2,-104.15
29/02/2020,0,-103.78
1/3/2020,0,
2/3/2020,18.8,-103.27
3/3/2020,8.8,-104.06
4/3/2020,0.2,-104.49
5/3/2020,0.2,-104.57
6/3/2020,8.6,-104.56
7/3/2020,2.6,-104.35
8/3/2020,0.2,-104.22
9/3/2020,0,-104.08
10/3/2020,0,-103.83
11/3/2020,0,-103.54
12/3/2020,0,-103.34
13/03/2020,0,-103.24
14/03/2020,0,-103.1
15/03/2020,0.2,-103.09
16/03/2020,0,-102.92
17/03/2020,0,-102.6
18/03/2020,0,-102.5
19/03/2020,0.2,-102.39
20/03/2020,0,-102.42
21/03/2020,0,-102.5
22/03/2020,0,-102.26
23/03/2020,0,-102.58
24/03/2020,0.6,-102.38
25/03/2020,0,-102.24
26/03/2020,0,-102.27
27/03/2020,0,-102.11
28/03/2020,9.2,-102.03
29/03/2020,2.6,-101.89
30/03/2020,1.6,-101.7
31/03/2020,1.2,-101.89
1/4/2020,0.4,-101.61
2/4/2020,0,-101.36
3/4/2020,0,-101.2
4/4/2020,0,-101.07
5/4/2020,0,-100.89
6/4/2020,0,-100.65
7/4/2020,0,-100.23
8/4/2020,0,-99.91
9/4/2020,0,-99.65
10/4/2020,0,-99.35
11/4/2020,0,-99.11
12/4/2020,0,-98.8
13/04/2020,0,-98.59
14/04/2020,1.4,-98.37
15/04/2020,0,-98.23
16/04/2020,0,-97.92
17/04/2020,0,-97.61
18/04/2020,0,-97.26
19/04/2020,0,-96.89
20/04/2020,18.2,-96.58
21/04/2020,1,-96.48
22/04/2020,8.8,-96.22
23/04/2020,0,-95.96
24/04/2020,0,-95.74
25/04/2020,0.2,-95.39
26/04/2020,0,-95.06
27/04/2020,0,-94.85
28/04/2020,15.4,-94.8
29/04/2020,6.8,-94.62
30/04/2020,0,-94.21
1/5/2020,0,-93.99
2/5/2020,1.6,-93.65
3/5/2020,0,-93.26
4/5/2020,0,-92.82
5/5/2020,0,-92.46
6/5/2020,0,-92.06
7/5/2020,0,-91.65
8/5/2020,0,-91.28
9/5/2020,0,-90.88
10/5/2020,0,-90.49
11/5/2020,2.8,-90.17
12/5/2020,5.6,-89.78
13/05/2020,0.4,-89.49
14/05/2020,0,-89.15
15/05/2020,0,-88.63
16/05/2020,0,-88.08
17/05/2020,0,-87.86
18/05/2020,0,-87.42
19/05/2020,76,-87.04
20/05/2020,3.2,-86.76
21/05/2020,0,-86.51
22/05/2020,0,-86.24
23/05/2020,0,-85.86
24/05/2020,0,-85.45
25/05/2020,0,-85
26/05/2020,0,-84.61
27/05/2020,0,-84.13
28/05/2020,0,-83.75
29/05/2020,22.8,-83.37
30/05/2020,2.4,-83.18
31/05/2020,0.4,-82.93
1/6/2020,0,-82.48
2/6/2020,4.4,-81.83
3/6/2020,0.6,-81.64
4/6/2020,8,-81.23
5/6/2020,20,-81.51
6/6/2020,0.2,-81.16
7/6/2020,0,-80.81
8/6/2020,2.6,-80.27
9/6/2020,1.6,-79.73
10/6/2020,3.6,-79.3
11/6/2020,6.2,-79.12
12/6/2020,0.2,-78.63
13/06/2020,0.8,-78.29
14/06/2020,1.6,-77.9
15/06/2020,4.8,-77.43
16/06/2020,0.6,-77.14
17/06/2020,10,-76.89
18/06/2020,2.8,-76.42
19/06/2020,0.2,-76.39
20/06/2020,0,-76.01
21/06/2020,0,-75.64
22/06/2020,0,-75.31
23/06/2020,0,-74.88
24/06/2020,0,-74.58
25/06/2020,0,-74.29
26/06/2020,0,-73.93
27/06/2020,0,-73.6
28/06/2020,0,-73.14
29/06/2020,0,-72.88
30/06/2020,0,-72.55
